Project Name,Package Name,Type Name,Method Name,Implementation Smell,Cause of the Smell,Method start line no
S3Mock,com.adobe.testing.s3mock,BucketController,listObjects,Long Parameter List,The method has 6 parameters. ,277
S3Mock,com.adobe.testing.s3mock,BucketController,listObjectsV2,Long Parameter List,The method has 7 parameters. ,317
S3Mock,com.adobe.testing.s3mock,BucketController,listObjectsV2,Long Statement,The length of the statement "ListBucketResultV2 listBucketResultV2=bucketService.listObjectsV2(bucketName`prefix`delimiter`encodingType`startAfter`maxKeys`continuationToken);" is 145.,317
S3Mock,com.adobe.testing.s3mock,KmsValidationFilter,doFilterInternal,Complex Conditional,The conditional expression AWS_KMS.equals(encryptionTypeHeader) && !isBlank(encryptionKeyId) && !keystore.validateKeyId(encryptionKeyId) is complex.,63
S3Mock,com.adobe.testing.s3mock,KmsValidationFilter,doFilterInternal,Complex Conditional,The conditional expression AWS_KMS.equals(encryptionTypeHeader) && !isBlank(encryptionKeyId) && keystore.validateKeyId(encryptionKeyId) is complex.,63
S3Mock,com.adobe.testing.s3mock,MultipartController,uploadPart,Long Parameter List,The method has 8 parameters. ,188
S3Mock,com.adobe.testing.s3mock,MultipartController,uploadPart,Long Statement,The length of the statement "String etag=multipartService.putPart(bucketName`key.getKey()`uploadId`partNumber`inputStream`isV4ChunkedWithSigningEnabled(sha256Header)`encryption`kmsKeyId);" is 158.,188
S3Mock,com.adobe.testing.s3mock,MultipartController,uploadPartCopy,Long Parameter List,The method has 10 parameters. ,238
S3Mock,com.adobe.testing.s3mock,MultipartController,uploadPartCopy,Long Statement,The length of the statement "CopyPartResult result=multipartService.copyPart(copySource.getBucket()`copySource.getKey()`copyRange`partNumber`bucketName`key.getKey()`uploadId);" is 146.,238
S3Mock,com.adobe.testing.s3mock,MultipartController,createMultipartUpload,Long Parameter List,The method has 7 parameters. ,297
S3Mock,com.adobe.testing.s3mock,MultipartController,createMultipartUpload,Long Statement,The length of the statement "InitiateMultipartUploadResult result=multipartService.prepareMultipartUpload(bucketName`key.getKey()`contentType`contentEncoding`uploadId`DEFAULT_OWNER`DEFAULT_OWNER`userMetadata);" is 180.,297
S3Mock,com.adobe.testing.s3mock,MultipartController,completeMultipartUpload,Long Parameter List,The method has 7 parameters. ,337
S3Mock,com.adobe.testing.s3mock,MultipartController,completeMultipartUpload,Long Statement,The length of the statement "CompleteMultipartUploadResult result=multipartService.completeMultipartUpload(bucketName`key.getKey()`uploadId`upload.getParts()`encryption`kmsKeyId`request.getRequestURL().toString());" is 185.,337
S3Mock,com.adobe.testing.s3mock,ObjectController,headObject,Long Statement,The length of the statement "return ResponseEntity.ok().headers(headers -> headers.setAll(createUserMetadataHeaders(s3ObjectMetadata))).headers(headers -> headers.setAll(createEncryptionHeaders(s3ObjectMetadata))).contentType(parseMediaType(s3ObjectMetadata.getContentType())).eTag(s3ObjectMetadata.getEtag()).contentLength(Long.parseLong(s3ObjectMetadata.getSize())).lastModified(s3ObjectMetadata.getLastModified()).build();" is 396.,148
S3Mock,com.adobe.testing.s3mock,ObjectController,getObject,Long Parameter List,The method has 6 parameters. ,209
S3Mock,com.adobe.testing.s3mock,ObjectController,getObject,Long Statement,The length of the statement "return ResponseEntity.ok().eTag(s3ObjectMetadata.getEtag()).header(HttpHeaders.CONTENT_ENCODING`s3ObjectMetadata.getContentEncoding()).header(HttpHeaders.ACCEPT_RANGES`RANGES_BYTES).headers(headers -> headers.setAll(createUserMetadataHeaders(s3ObjectMetadata))).headers(headers -> headers.setAll(createEncryptionHeaders(s3ObjectMetadata))).lastModified(s3ObjectMetadata.getLastModified()).contentLength(s3ObjectMetadata.getDataPath().toFile().length()).contentType(parseMediaType(s3ObjectMetadata.getContentType())).headers(headers -> headers.setAll(createOverrideHeaders(queryParams))).body(outputStream -> Files.copy(s3ObjectMetadata.getDataPath()`outputStream));" is 665.,209
S3Mock,com.adobe.testing.s3mock,ObjectController,getObjectTagging,Long Statement,The length of the statement "return ResponseEntity.ok().eTag(s3ObjectMetadata.getEtag()).lastModified(s3ObjectMetadata.getLastModified()).body(result);" is 122.,326
S3Mock,com.adobe.testing.s3mock,ObjectController,putObject,Long Parameter List,The method has 11 parameters. ,496
S3Mock,com.adobe.testing.s3mock,ObjectController,putObject,Long Statement,The length of the statement "S3ObjectMetadata s3ObjectMetadata=objectService.putS3Object(bucketName`key.getKey()`parseMediaType(contentType).toString()`contentEncoding`stream`isV4ChunkedWithSigningEnabled(sha256Header)`userMetadata`encryption`kmsKeyId`tags`owner);" is 235.,496
S3Mock,com.adobe.testing.s3mock,ObjectController,putObject,Long Statement,The length of the statement "return ResponseEntity.ok().eTag(s3ObjectMetadata.getEtag()).lastModified(s3ObjectMetadata.getLastModified()).header(X_AMZ_SERVER_SIDE_ENCRYPTION_AWS_KMS_KEY_ID`kmsKeyId).build();" is 178.,496
S3Mock,com.adobe.testing.s3mock,ObjectController,copyObject,Long Parameter List,The method has 9 parameters. ,561
S3Mock,com.adobe.testing.s3mock,ObjectController,copyObject,Long Statement,The length of the statement "CopyObjectResult copyObjectResult=objectService.copyS3Object(copySource.getBucket()`copySource.getKey()`bucketName`key.getKey()`encryption`kmsKeyId`metadata);" is 158.,561
S3Mock,com.adobe.testing.s3mock,ObjectController,getObjectWithRange,Long Statement,The length of the statement "return ResponseEntity.status(PARTIAL_CONTENT.value()).headers(headers -> headers.setAll(createUserMetadataHeaders(s3ObjectMetadata))).headers(headers -> headers.setAll(createEncryptionHeaders(s3ObjectMetadata))).header(HttpHeaders.ACCEPT_RANGES`RANGES_BYTES).header(HttpHeaders.CONTENT_RANGE`String.format("bytes %s-%s/%s"`range.getStart()`bytesToRead + range.getStart() - 1`s3ObjectMetadata.getSize())).eTag(s3ObjectMetadata.getEtag()).contentType(parseMediaType(s3ObjectMetadata.getContentType())).lastModified(s3ObjectMetadata.getLastModified()).contentLength(bytesToRead).body(outputStream -> {" is 598.,635
S3Mock,com.adobe.testing.s3mock,S3MockApplication,start,Long Identifier,The length of the field DEFAULT_SERVER_SSL_KEY_STORE_PASSWORD is 37.,148
S3Mock,com.adobe.testing.s3mock,S3MockApplication,start,Long Identifier,The length of the field DEFAULT_SERVER_SSL_KEY_PASSWORD is 31.,148
S3Mock,com.adobe.testing.s3mock,S3MockApplication,start,Long Statement,The length of the statement "final ConfigurableApplicationContext ctx=new SpringApplicationBuilder(S3MockApplication.class).properties(translateLegacyProperties(defaults)).properties(translateLegacyProperties(properties)).bannerMode(bannerMode).run(args);" is 226.,148
S3Mock,com.adobe.testing.s3mock,S3MockConfiguration,logFilter,Magic Number,The method contains a magic number: 10000,96
S3Mock,com.adobe.testing.s3mock,BucketControllerTest,testListBuckets_Ok,Long Statement,The length of the statement "mockMvc.perform(get("/").accept(MediaType.APPLICATION_XML).contentType(MediaType.APPLICATION_XML)).andExpect(MockMvcResultMatchers.status().isOk()).andExpect(MockMvcResultMatchers.content().contentType(MediaType.APPLICATION_XML)).andExpect(MockMvcResultMatchers.content().xml(MAPPER.writeValueAsString(expected)));" is 314.,100
S3Mock,com.adobe.testing.s3mock,BucketControllerTest,testListBuckets_Empty,Long Statement,The length of the statement "mockMvc.perform(get("/").accept(MediaType.APPLICATION_XML).contentType(MediaType.APPLICATION_XML)).andExpect(MockMvcResultMatchers.status().isOk()).andExpect(MockMvcResultMatchers.content().contentType(MediaType.APPLICATION_XML)).andExpect(MockMvcResultMatchers.content().xml(MAPPER.writeValueAsString(expected)));" is 314.,117
S3Mock,com.adobe.testing.s3mock,BucketControllerTest,testHeadBucket_Ok,Long Statement,The length of the statement "mockMvc.perform(head("/test-bucket").accept(MediaType.APPLICATION_XML).contentType(MediaType.APPLICATION_XML)).andExpect(MockMvcResultMatchers.status().isOk());" is 160.,132
S3Mock,com.adobe.testing.s3mock,BucketControllerTest,testHeadBucket_NotFound,Long Statement,The length of the statement "mockMvc.perform(head("/test-bucket").accept(MediaType.APPLICATION_XML).contentType(MediaType.APPLICATION_XML)).andExpect(MockMvcResultMatchers.status().isNotFound());" is 166.,143
S3Mock,com.adobe.testing.s3mock,BucketControllerTest,testCreateBucket_Ok,Long Statement,The length of the statement "mockMvc.perform(put("/test-bucket").accept(MediaType.APPLICATION_XML).contentType(MediaType.APPLICATION_XML)).andExpect(MockMvcResultMatchers.status().isOk());" is 159.,155
S3Mock,com.adobe.testing.s3mock,BucketControllerTest,testCreateBucket_InternalServerError,Long Statement,The length of the statement "mockMvc.perform(put("/test-bucket").accept(MediaType.APPLICATION_XML).contentType(MediaType.APPLICATION_XML)).andExpect(MockMvcResultMatchers.status().isInternalServerError());" is 176.,164
S3Mock,com.adobe.testing.s3mock,BucketControllerTest,testDeleteBucket_NoContent,Long Statement,The length of the statement "mockMvc.perform(delete("/test-bucket").accept(MediaType.APPLICATION_XML).contentType(MediaType.APPLICATION_XML)).andExpect(MockMvcResultMatchers.status().isNoContent());" is 169.,176
S3Mock,com.adobe.testing.s3mock,BucketControllerTest,testDeleteBucket_NotFound,Long Statement,The length of the statement "mockMvc.perform(delete("/test-bucket").accept(MediaType.APPLICATION_XML).contentType(MediaType.APPLICATION_XML)).andExpect(MockMvcResultMatchers.status().isNotFound()).andExpect(MockMvcResultMatchers.content().xml(MAPPER.writeValueAsString(errorResponse)));" is 257.,189
S3Mock,com.adobe.testing.s3mock,BucketControllerTest,testDeleteBucket_Conflict,Long Statement,The length of the statement "mockMvc.perform(delete("/test-bucket").accept(MediaType.APPLICATION_XML).contentType(MediaType.APPLICATION_XML)).andExpect(MockMvcResultMatchers.status().isConflict()).andExpect(MockMvcResultMatchers.content().xml(MAPPER.writeValueAsString(errorResponse)));" is 257.,204
S3Mock,com.adobe.testing.s3mock,BucketControllerTest,testDeleteBucket_InternalServerError,Long Statement,The length of the statement "mockMvc.perform(delete("/test-bucket").accept(MediaType.APPLICATION_XML).contentType(MediaType.APPLICATION_XML)).andExpect(MockMvcResultMatchers.status().isInternalServerError());" is 179.,222
S3Mock,com.adobe.testing.s3mock,BucketControllerTest,testListObjectsV1_BadRequest,Long Statement,The length of the statement "mockMvc.perform(get("/test-bucket").accept(MediaType.APPLICATION_XML).contentType(MediaType.APPLICATION_XML).queryParam(MAX_KEYS`String.valueOf(maxKeys))).andExpect(MockMvcResultMatchers.status().isBadRequest()).andExpect(MockMvcResultMatchers.content().xml(MAPPER.writeValueAsString(maxKeysError)));" is 300.,236
S3Mock,com.adobe.testing.s3mock,BucketControllerTest,testListObjectsV1_BadRequest,Long Statement,The length of the statement "mockMvc.perform(get("/test-bucket").accept(MediaType.APPLICATION_XML).contentType(MediaType.APPLICATION_XML).queryParam(ENCODING_TYPE`encodingtype)).andExpect(MockMvcResultMatchers.status().isBadRequest()).andExpect(MockMvcResultMatchers.content().xml(MAPPER.writeValueAsString(encodingTypeError)));" is 299.,236
S3Mock,com.adobe.testing.s3mock,BucketControllerTest,testListObjectsV2_BadRequest,Long Statement,The length of the statement "mockMvc.perform(get("/test-bucket").accept(MediaType.APPLICATION_XML).contentType(MediaType.APPLICATION_XML).param("list-type"`"2").queryParam(MAX_KEYS`String.valueOf(maxKeys))).andExpect(MockMvcResultMatchers.status().isBadRequest()).andExpect(MockMvcResultMatchers.content().xml(MAPPER.writeValueAsString(maxKeysError)));" is 323.,265
S3Mock,com.adobe.testing.s3mock,BucketControllerTest,testListObjectsV2_BadRequest,Long Statement,The length of the statement "mockMvc.perform(get("/test-bucket").accept(MediaType.APPLICATION_XML).contentType(MediaType.APPLICATION_XML).param("list-type"`"2").queryParam(ENCODING_TYPE`encodingtype)).andExpect(MockMvcResultMatchers.status().isBadRequest()).andExpect(MockMvcResultMatchers.content().xml(MAPPER.writeValueAsString(encodingTypeError)));" is 322.,265
S3Mock,com.adobe.testing.s3mock,BucketControllerTest,testListObjectsV1_InternalServerError,Long Statement,The length of the statement "when(bucketService.listObjectsV1(TEST_BUCKET_NAME`null`null`null`null`1000)).thenThrow(new IllegalStateException("THIS IS EXPECTED"));" is 134.,296
S3Mock,com.adobe.testing.s3mock,BucketControllerTest,testListObjectsV1_InternalServerError,Long Statement,The length of the statement "mockMvc.perform(get("/test-bucket").accept(MediaType.APPLICATION_XML).contentType(MediaType.APPLICATION_XML)).andExpect(MockMvcResultMatchers.status().isInternalServerError());" is 176.,296
S3Mock,com.adobe.testing.s3mock,BucketControllerTest,testListObjectsV1_InternalServerError,Magic Number,The method contains a magic number: 1000,296
S3Mock,com.adobe.testing.s3mock,BucketControllerTest,testListObjectsV2_InternalServerError,Long Statement,The length of the statement "when(bucketService.listObjectsV2(TEST_BUCKET_NAME`null`null`null`null`1000`null)).thenThrow(new IllegalStateException("THIS IS EXPECTED"));" is 139.,309
S3Mock,com.adobe.testing.s3mock,BucketControllerTest,testListObjectsV2_InternalServerError,Long Statement,The length of the statement "mockMvc.perform(get("/test-bucket").param("list-type"`"2").accept(MediaType.APPLICATION_XML).contentType(MediaType.APPLICATION_XML)).andExpect(MockMvcResultMatchers.status().isInternalServerError());" is 199.,309
S3Mock,com.adobe.testing.s3mock,BucketControllerTest,testListObjectsV2_InternalServerError,Magic Number,The method contains a magic number: 1000,309
S3Mock,com.adobe.testing.s3mock,BucketControllerTest,testListObjectsV1_Ok,Long Statement,The length of the statement "ListBucketResult expected=new ListBucketResult(TEST_BUCKET_NAME`null`null`1000`false`null`null`Collections.singletonList(s3Object)`Collections.emptyList());" is 156.,323
S3Mock,com.adobe.testing.s3mock,BucketControllerTest,testListObjectsV1_Ok,Long Statement,The length of the statement "mockMvc.perform(get("/test-bucket").accept(MediaType.APPLICATION_XML).contentType(MediaType.APPLICATION_XML)).andExpect(MockMvcResultMatchers.status().isOk()).andExpect(MockMvcResultMatchers.content().contentType(MediaType.APPLICATION_XML)).andExpect(MockMvcResultMatchers.content().xml(MAPPER.writeValueAsString(expected)));" is 325.,323
S3Mock,com.adobe.testing.s3mock,BucketControllerTest,testListObjectsV1_Ok,Magic Number,The method contains a magic number: 1000,323
S3Mock,com.adobe.testing.s3mock,BucketControllerTest,testListObjectsV1_Ok,Magic Number,The method contains a magic number: 1000,323
S3Mock,com.adobe.testing.s3mock,BucketControllerTest,testListObjectsV2_Ok,Long Statement,The length of the statement "ListBucketResultV2 expected=new ListBucketResultV2(TEST_BUCKET_NAME`null`1000`false`Collections.singletonList(s3Object)`Collections.emptyList()`null`null`null`null`null);" is 170.,344
S3Mock,com.adobe.testing.s3mock,BucketControllerTest,testListObjectsV2_Ok,Long Statement,The length of the statement "mockMvc.perform(get("/test-bucket").param("list-type"`"2").accept(MediaType.APPLICATION_XML).contentType(MediaType.APPLICATION_XML)).andExpect(MockMvcResultMatchers.status().isOk()).andExpect(MockMvcResultMatchers.content().contentType(MediaType.APPLICATION_XML)).andExpect(MockMvcResultMatchers.content().xml(MAPPER.writeValueAsString(expected)));" is 348.,344
S3Mock,com.adobe.testing.s3mock,BucketControllerTest,testListObjectsV2_Ok,Magic Number,The method contains a magic number: 1000,344
S3Mock,com.adobe.testing.s3mock,BucketControllerTest,testListObjectsV2_Ok,Magic Number,The method contains a magic number: 1000,344
S3Mock,com.adobe.testing.s3mock,BucketControllerTest,testPutBucketObjectLockConfiguration_Ok,Long Statement,The length of the statement "mockMvc.perform(put("/test-bucket").param(OBJECT_LOCK`"ignored").accept(MediaType.APPLICATION_XML).contentType(MediaType.APPLICATION_XML).content(MAPPER.writeValueAsString(expected))).andExpect(MockMvcResultMatchers.status().isOk());" is 233.,367
S3Mock,com.adobe.testing.s3mock,BucketControllerTest,testGetBucketObjectLockConfiguration_Ok,Long Statement,The length of the statement "mockMvc.perform(get("/test-bucket").param(OBJECT_LOCK`"ignored").accept(MediaType.APPLICATION_XML).contentType(MediaType.APPLICATION_XML)).andExpect(MockMvcResultMatchers.status().isOk()).andExpect(MockMvcResultMatchers.content().contentType(MediaType.APPLICATION_XML)).andExpect(MockMvcResultMatchers.content().xml(MAPPER.writeValueAsString(expected)));" is 354.,385
S3Mock,com.adobe.testing.s3mock,BucketControllerTest,testPutBucketLifecycleConfiguration_Ok,Long Statement,The length of the statement "mockMvc.perform(put("/test-bucket").param(LIFECYCLE`"ignored").accept(MediaType.APPLICATION_XML).contentType(MediaType.APPLICATION_XML).content(MAPPER.writeValueAsString(configuration))).andExpect(MockMvcResultMatchers.status().isOk());" is 236.,404
S3Mock,com.adobe.testing.s3mock,BucketControllerTest,testPutBucketLifecycleConfiguration_Ok,Magic Number,The method contains a magic number: 30,404
S3Mock,com.adobe.testing.s3mock,BucketControllerTest,testPutBucketLifecycleConfiguration_Ok,Magic Number,The method contains a magic number: 365,404
S3Mock,com.adobe.testing.s3mock,BucketControllerTest,testGetBucketLifecycleConfiguration_Ok,Long Statement,The length of the statement "mockMvc.perform(get("/test-bucket").param(LIFECYCLE`"ignored").accept(MediaType.APPLICATION_XML).contentType(MediaType.APPLICATION_XML)).andExpect(MockMvcResultMatchers.status().isOk()).andExpect(MockMvcResultMatchers.content().contentType(MediaType.APPLICATION_XML)).andExpect(MockMvcResultMatchers.content().xml(MAPPER.writeValueAsString(configuration)));" is 357.,430
S3Mock,com.adobe.testing.s3mock,BucketControllerTest,testGetBucketLifecycleConfiguration_Ok,Magic Number,The method contains a magic number: 30,430
S3Mock,com.adobe.testing.s3mock,BucketControllerTest,testGetBucketLifecycleConfiguration_Ok,Magic Number,The method contains a magic number: 365,430
S3Mock,com.adobe.testing.s3mock,ContextPathObjectStoreControllerTest,testListBuckets_Ok,Long Statement,The length of the statement "mockMvc.perform(get("/s3-mock/").accept(MediaType.APPLICATION_XML).contentType(MediaType.APPLICATION_XML)).andExpect(MockMvcResultMatchers.status().isOk()).andExpect(MockMvcResultMatchers.content().contentType(MediaType.APPLICATION_XML)).andExpect(MockMvcResultMatchers.content().xml(MAPPER.writeValueAsString(expected)));" is 322.,68
S3Mock,com.adobe.testing.s3mock,FaviconControllerTest,testFavicon,Long Statement,The length of the statement "MockHttpServletResponse response=mvc.perform(get("/favicon.ico").accept(MediaType.APPLICATION_JSON)).andReturn().getResponse();" is 127.,48
S3Mock,com.adobe.testing.s3mock,MultipartControllerTest,testCompleteMultipart_BadRequest_uploadTooSmall,Long Statement,The length of the statement "doThrow(ENTITY_TOO_SMALL).when(multipartService).verifyMultipartParts(eq(TEST_BUCKET_NAME)`eq(key)`eq(uploadId)`anyList());" is 123.,76
S3Mock,com.adobe.testing.s3mock,MultipartControllerTest,testCompleteMultipart_BadRequest_uploadTooSmall,Long Statement,The length of the statement "mockMvc.perform(post("/test-bucket/" + key).accept(MediaType.APPLICATION_XML).content(MAPPER.writeValueAsString(uploadRequest)).param("uploadId"`uploadId)).andExpect(MockMvcResultMatchers.status().isBadRequest()).andExpect(MockMvcResultMatchers.content().xml(MAPPER.writeValueAsString(errorResponse)));" is 302.,76
S3Mock,com.adobe.testing.s3mock,MultipartControllerTest,testCompleteMultipart_BadRequest_uploadTooSmall,Magic Number,The method contains a magic number: 5L,76
S3Mock,com.adobe.testing.s3mock,MultipartControllerTest,testCompleteMultipart_BadRequest_uploadTooSmall,Magic Number,The method contains a magic number: 5L,76
S3Mock,com.adobe.testing.s3mock,MultipartControllerTest,testCompleteMultipart_BadRequest_uploadIdNotFound,Long Statement,The length of the statement "doThrow(NO_SUCH_UPLOAD_MULTIPART).when(multipartService).verifyMultipartParts(eq(TEST_BUCKET_NAME)`anyString()`eq(uploadId)`anyList());" is 135.,104
S3Mock,com.adobe.testing.s3mock,MultipartControllerTest,testCompleteMultipart_BadRequest_uploadIdNotFound,Long Statement,The length of the statement "mockMvc.perform(post("/test-bucket/" + key).accept(MediaType.APPLICATION_XML).content(MAPPER.writeValueAsString(uploadRequest)).param("uploadId"`uploadId)).andExpect(MockMvcResultMatchers.status().isNotFound()).andExpect(MockMvcResultMatchers.content().xml(MAPPER.writeValueAsString(errorResponse)));" is 300.,104
S3Mock,com.adobe.testing.s3mock,MultipartControllerTest,testCompleteMultipart_BadRequest_uploadIdNotFound,Magic Number,The method contains a magic number: 5L,104
S3Mock,com.adobe.testing.s3mock,MultipartControllerTest,testCompleteMultipart_BadRequest_uploadIdNotFound,Magic Number,The method contains a magic number: 5L,104
S3Mock,com.adobe.testing.s3mock,MultipartControllerTest,testCompleteMultipart_BadRequest_partNotFound,Long Statement,The length of the statement "mockMvc.perform(post("/test-bucket/" + key).accept(MediaType.APPLICATION_XML).content(MAPPER.writeValueAsString(uploadRequest)).param("uploadId"`uploadId)).andExpect(MockMvcResultMatchers.status().isBadRequest()).andExpect(MockMvcResultMatchers.content().xml(MAPPER.writeValueAsString(errorResponse)));" is 302.,133
S3Mock,com.adobe.testing.s3mock,MultipartControllerTest,testCompleteMultipart_BadRequest_partNotFound,Magic Number,The method contains a magic number: 5L,133
S3Mock,com.adobe.testing.s3mock,MultipartControllerTest,testCompleteMultipart_BadRequest_invalidPartOrder,Long Statement,The length of the statement "doThrow(INVALID_PART_ORDER).when(multipartService).verifyMultipartParts(eq(TEST_BUCKET_NAME)`eq(key)`eq(uploadId)`anyList());" is 125.,161
S3Mock,com.adobe.testing.s3mock,MultipartControllerTest,testCompleteMultipart_BadRequest_invalidPartOrder,Long Statement,The length of the statement "mockMvc.perform(post("/test-bucket/" + key).accept(MediaType.APPLICATION_XML).content(MAPPER.writeValueAsString(uploadRequest)).param("uploadId"`uploadId)).andExpect(MockMvcResultMatchers.status().isBadRequest()).andExpect(MockMvcResultMatchers.content().xml(MAPPER.writeValueAsString(errorResponse)));" is 302.,161
S3Mock,com.adobe.testing.s3mock,MultipartControllerTest,testCompleteMultipart_BadRequest_invalidPartOrder,Magic Number,The method contains a magic number: 5L,161
S3Mock,com.adobe.testing.s3mock,MultipartControllerTest,testCompleteMultipart_BadRequest_invalidPartOrder,Magic Number,The method contains a magic number: 5L,161
S3Mock,com.adobe.testing.s3mock,ObjectControllerTest,testPutObject_Ok,Long Statement,The length of the statement "when(objectService.putS3Object(eq(TEST_BUCKET_NAME)`eq(key)`contains(MediaType.TEXT_PLAIN_VALUE)`isNull()`isNull()`eq(false)`anyMap()`isNull()`isNull()`isNull()`eq(Owner.DEFAULT_OWNER))).thenReturn(s3ObjectMetadata(key`digest));" is 228.,98
S3Mock,com.adobe.testing.s3mock,ObjectControllerTest,testPutObject_Ok,Long Statement,The length of the statement "mockMvc.perform(put("/test-bucket/" + key).accept(APPLICATION_XML).contentType(MediaType.TEXT_PLAIN_VALUE).content(FileUtils.readFileToByteArray(testFile))).andExpect(MockMvcResultMatchers.status().isOk()).andExpect(MockMvcResultMatchers.header().string("etag"`"\"" + digest + "\""));" is 284.,98
S3Mock,com.adobe.testing.s3mock,ObjectControllerTest,testPutObject_md5_Ok,Long Statement,The length of the statement "when(objectService.putS3Object(eq(TEST_BUCKET_NAME)`eq(key)`contains(MediaType.TEXT_PLAIN_VALUE)`isNull()`isNull()`eq(false)`anyMap()`isNull()`isNull()`isNull()`eq(Owner.DEFAULT_OWNER))).thenReturn(s3ObjectMetadata(key`hexDigest));" is 231.,129
S3Mock,com.adobe.testing.s3mock,ObjectControllerTest,testPutObject_md5_Ok,Long Statement,The length of the statement "mockMvc.perform(put("/test-bucket/" + key).accept(APPLICATION_XML).contentType(MediaType.TEXT_PLAIN_VALUE).header(CONTENT_MD5`base64Digest).content(FileUtils.readFileToByteArray(testFile))).andExpect(MockMvcResultMatchers.status().isOk()).andExpect(MockMvcResultMatchers.header().string("etag"`"\"" + hexDigest + "\""));" is 320.,129
S3Mock,com.adobe.testing.s3mock,ObjectControllerTest,testPutObject_md5_BadRequest,Long Statement,The length of the statement "mockMvc.perform(put("/test-bucket/" + key).accept(APPLICATION_XML).contentType(MediaType.TEXT_PLAIN_VALUE).content(FileUtils.readFileToByteArray(testFile)).header(CONTENT_MD5`base64Digest + 1)).andExpect(MockMvcResultMatchers.status().isBadRequest());" is 251.,162
S3Mock,com.adobe.testing.s3mock,ObjectControllerTest,testGetObject_Encrypted_Ok,Long Statement,The length of the statement "mockMvc.perform(get("/test-bucket/" + key)).andExpect(MockMvcResultMatchers.status().isOk()).andExpect(MockMvcResultMatchers.header().string(X_AMZ_SERVER_SIDE_ENCRYPTION`encryption)).andExpect(MockMvcResultMatchers.header().string(X_AMZ_SERVER_SIDE_ENCRYPTION_AWS_KMS_KEY_ID`encryptionKey));" is 291.,182
S3Mock,com.adobe.testing.s3mock,ObjectControllerTest,testHeadObject_Encrypted_Ok,Long Statement,The length of the statement "mockMvc.perform(head("/test-bucket/" + key)).andExpect(MockMvcResultMatchers.status().isOk()).andExpect(MockMvcResultMatchers.header().string(X_AMZ_SERVER_SIDE_ENCRYPTION`encryption)).andExpect(MockMvcResultMatchers.header().string(X_AMZ_SERVER_SIDE_ENCRYPTION_AWS_KMS_KEY_ID`encryptionKey));" is 292.,201
S3Mock,com.adobe.testing.s3mock,ObjectControllerTest,testGetObjectAcl_Ok,Long Statement,The length of the statement "mockMvc.perform(get("/test-bucket/" + key).param(ACL`"ignored").accept(APPLICATION_XML).contentType(APPLICATION_XML)).andExpect(MockMvcResultMatchers.status().isOk()).andExpect(MockMvcResultMatchers.content().contentTypeCompatibleWith(APPLICATION_XML)).andExpect(MockMvcResultMatchers.content().xml(XmlUtil.serializeJaxb(policy)));" is 331.,231
S3Mock,com.adobe.testing.s3mock,ObjectControllerTest,testPutObjectAcl_Ok,Long Statement,The length of the statement "mockMvc.perform(put("/test-bucket/" + key).param(ACL`"ignored").accept(APPLICATION_XML).contentType(APPLICATION_XML).content(XmlUtil.serializeJaxb(policy))).andExpect(MockMvcResultMatchers.status().isOk());" is 206.,256
S3Mock,com.adobe.testing.s3mock,ObjectControllerTest,testGetObjectTagging_Ok,Long Statement,The length of the statement "mockMvc.perform(get("/test-bucket/" + key).param(TAGGING`"ignored").accept(APPLICATION_XML).contentType(APPLICATION_XML)).andExpect(MockMvcResultMatchers.status().isOk()).andExpect(MockMvcResultMatchers.content().contentTypeCompatibleWith(APPLICATION_XML)).andExpect(MockMvcResultMatchers.content().xml(MAPPER.writeValueAsString(tagging)));" is 340.,280
S3Mock,com.adobe.testing.s3mock,ObjectControllerTest,testPutObjectTagging_Ok,Long Statement,The length of the statement "mockMvc.perform(put("/test-bucket/" + key).param(TAGGING`"ignored").accept(APPLICATION_XML).contentType(APPLICATION_XML).content(MAPPER.writeValueAsString(tagging))).andExpect(MockMvcResultMatchers.status().isOk());" is 215.,303
S3Mock,com.adobe.testing.s3mock,ObjectControllerTest,testGetObjectRetention_Ok,Long Statement,The length of the statement "mockMvc.perform(get("/test-bucket/" + key).param(RETENTION`"ignored").accept(APPLICATION_XML).contentType(APPLICATION_XML)).andExpect(MockMvcResultMatchers.status().isOk()).andExpect(MockMvcResultMatchers.content().contentTypeCompatibleWith(APPLICATION_XML)).andExpect(MockMvcResultMatchers.content().xml(MAPPER.writeValueAsString(retention)));" is 344.,324
S3Mock,com.adobe.testing.s3mock,ObjectControllerTest,testGetObjectRetention_Ok,Magic Number,The method contains a magic number: 1514477008120L,324
S3Mock,com.adobe.testing.s3mock,ObjectControllerTest,testPutObjectRetention_Ok,Long Statement,The length of the statement "mockMvc.perform(put("/test-bucket/" + key).param(RETENTION`"ignored").accept(APPLICATION_XML).contentType(APPLICATION_XML).content(MAPPER.writeValueAsString(retention))).andExpect(MockMvcResultMatchers.status().isOk());" is 219.,345
S3Mock,com.adobe.testing.s3mock,ObjectControllerTest,testPutObjectRetention_Ok,Magic Number,The method contains a magic number: 1514477008120L,345
S3Mock,com.adobe.testing.s3mock,TaggingHeaderConverterTest,testMultipleTagConversion,Magic Number,The method contains a magic number: 2,37
S3Mock,com.adobe.testing.s3mock.dto,CopySource,extractBucketAndKeyArray,Magic Number,The method contains a magic number: 2,61
S3Mock,com.adobe.testing.s3mock.dto,CopySource,extractBucketAndKeyArray,Magic Number,The method contains a magic number: 2,61
S3Mock,com.adobe.testing.s3mock.dto,LifecycleExpiration,equals,Long Statement,The length of the statement "return Objects.equals(date`that.date) && Objects.equals(days`that.days) && Objects.equals(expiredObjectDeleteMarker`that.expiredObjectDeleteMarker);" is 148.,78
S3Mock,com.adobe.testing.s3mock.dto,LifecycleRule,LifecycleRule,Long Identifier,The length of the parameter abortIncompleteMultipartUpload is 30.,59
S3Mock,com.adobe.testing.s3mock.dto,LifecycleRule,LifecycleRule,Long Identifier,The length of the field abortIncompleteMultipartUpload is 30.,59
S3Mock,com.adobe.testing.s3mock.dto,LifecycleRule,LifecycleRule,Long Parameter List,The method has 8 parameters. ,59
S3Mock,com.adobe.testing.s3mock.dto,LifecycleRule,getAbortIncompleteMultipartUpload,Long Identifier,The length of the field abortIncompleteMultipartUpload is 30.,74
S3Mock,com.adobe.testing.s3mock.dto,LifecycleRule,setAbortIncompleteMultipartUpload,Long Identifier,The length of the parameter abortIncompleteMultipartUpload is 30.,78
S3Mock,com.adobe.testing.s3mock.dto,LifecycleRule,setAbortIncompleteMultipartUpload,Long Identifier,The length of the field abortIncompleteMultipartUpload is 30.,78
S3Mock,com.adobe.testing.s3mock.dto,LifecycleRule,equals,Long Identifier,The length of the field abortIncompleteMultipartUpload is 30.,141
S3Mock,com.adobe.testing.s3mock.dto,LifecycleRule,equals,Long Statement,The length of the statement "return Objects.equals(abortIncompleteMultipartUpload`that.abortIncompleteMultipartUpload) && Objects.equals(expiration`that.expiration) && Objects.equals(filter`that.filter)&& Objects.equals(id`that.id)&& Objects.equals(noncurrentVersionExpiration`that.noncurrentVersionExpiration)&& Objects.equals(noncurrentVersionTransitions`that.noncurrentVersionTransitions)&& status == that.status && Objects.equals(transitions`that.transitions);" is 435.,141
S3Mock,com.adobe.testing.s3mock.dto,LifecycleRule,hashCode,Long Identifier,The length of the field abortIncompleteMultipartUpload is 30.,160
S3Mock,com.adobe.testing.s3mock.dto,LifecycleRule,hashCode,Long Statement,The length of the statement "return Objects.hash(abortIncompleteMultipartUpload`expiration`filter`id`noncurrentVersionExpiration`noncurrentVersionTransitions`status`transitions);" is 149.,160
S3Mock,com.adobe.testing.s3mock.dto,LifecycleRuleAndOperator,equals,Long Statement,The length of the statement "return Objects.equals(objectSizeGreaterThan`that.objectSizeGreaterThan) && Objects.equals(objectSizeLessThan`that.objectSizeLessThan) && Objects.equals(prefix`that.prefix)&& Objects.equals(tags`that.tags);" is 205.,87
S3Mock,com.adobe.testing.s3mock.dto,LifecycleRuleFilter,LifecycleRuleFilter,Long Parameter List,The method has 5 parameters. ,42
S3Mock,com.adobe.testing.s3mock.dto,ListBucketResult,ListBucketResult,Long Parameter List,The method has 9 parameters. ,67
S3Mock,com.adobe.testing.s3mock.dto,ListBucketResultV2,ListBucketResultV2,Long Parameter List,The method has 11 parameters. ,73
S3Mock,com.adobe.testing.s3mock.dto,ListMultipartUploadsResult,ListMultipartUploadsResult,Long Parameter List,The method has 11 parameters. ,57
S3Mock,com.adobe.testing.s3mock.dto,MultipartUpload,MultipartUpload,Long Parameter List,The method has 5 parameters. ,43
S3Mock,com.adobe.testing.s3mock.dto,NoncurrentVersionExpiration,equals,Long Statement,The length of the statement "return Objects.equals(newerNoncurrentVersions`that.newerNoncurrentVersions) && Objects.equals(noncurrentDays`that.noncurrentDays);" is 130.,60
S3Mock,com.adobe.testing.s3mock.dto,Part,equals,Long Statement,The length of the statement "return Objects.equals(partNumber`part.partNumber) && Objects.equals(lastModified`part.lastModified) && Objects.equals(etag`part.etag)&& Objects.equals(size`part.size);" is 167.,59
S3Mock,com.adobe.testing.s3mock.dto,Range,Range,Long Statement,The length of the statement "range=new Range(rangeStart == null ? 0L : Long.parseLong(rangeStart)`(StringUtils.isEmpty(rangeEnd) ? Long.MAX_VALUE : Long.parseLong(rangeEnd)));" is 146.,39
S3Mock,com.adobe.testing.s3mock.dto,Range,Range,Magic Number,The method contains a magic number: 2,39
S3Mock,com.adobe.testing.s3mock.dto,Range,Range,Magic Number,The method contains a magic number: 3,39
S3Mock,com.adobe.testing.s3mock.dto,Range,Range,Magic Number,The method contains a magic number: 5,39
S3Mock,com.adobe.testing.s3mock.dto,Range,Range,Magic Number,The method contains a magic number: 4,39
S3Mock,com.adobe.testing.s3mock.dto,S3Object,S3Object,Long Parameter List,The method has 6 parameters. ,54
S3Mock,com.adobe.testing.s3mock.dto,S3Object,from,Long Statement,The length of the statement "return new S3Object(s3ObjectMetadata.getKey()`s3ObjectMetadata.getModificationDate()`s3ObjectMetadata.getEtag()`s3ObjectMetadata.getSize()`StorageClass.STANDARD`Owner.DEFAULT_OWNER);" is 182.,68
S3Mock,com.adobe.testing.s3mock.dto,BucketLifecycleConfigurationTest,testDeserialization,Magic Number,The method contains a magic number: 2,34
S3Mock,com.adobe.testing.s3mock.dto,BucketLifecycleConfigurationTest,testDeserialization,Magic Number,The method contains a magic number: 30,34
S3Mock,com.adobe.testing.s3mock.dto,BucketLifecycleConfigurationTest,testDeserialization,Magic Number,The method contains a magic number: 365,34
S3Mock,com.adobe.testing.s3mock.dto,BucketLifecycleConfigurationTest,testSerialization,Magic Number,The method contains a magic number: 30,70
S3Mock,com.adobe.testing.s3mock.dto,BucketLifecycleConfigurationTest,testSerialization,Magic Number,The method contains a magic number: 365,70
S3Mock,com.adobe.testing.s3mock.dto,CopyPartResultTest,testSerialization,Magic Number,The method contains a magic number: 1514477008120L,28
S3Mock,com.adobe.testing.s3mock.dto,DeleteResultTest,testSerialization,Magic Number,The method contains a magic number: 2,26
S3Mock,com.adobe.testing.s3mock.dto,DeleteTest,testDeserialization,Magic Number,The method contains a magic number: 2,28
S3Mock,com.adobe.testing.s3mock.dto,ListAllMyBucketsResultTest,testSerialization,Magic Number,The method contains a magic number: 10L,30
S3Mock,com.adobe.testing.s3mock.dto,ListAllMyBucketsResultTest,testSerialization,Magic Number,The method contains a magic number: 2,30
S3Mock,com.adobe.testing.s3mock.dto,ListBucketResultTest,testSerialization,Long Statement,The length of the statement "ListBucketResult iut=new ListBucketResult("bucketName"`"prefix/"`"marker"`1000`false`"url"`"nextMarker"`createBucketContents(2)`Arrays.asList("prefix1/"`"prefix2/"));" is 166.,30
S3Mock,com.adobe.testing.s3mock.dto,ListBucketResultTest,testSerialization,Magic Number,The method contains a magic number: 1000,30
S3Mock,com.adobe.testing.s3mock.dto,ListBucketResultTest,testSerialization,Magic Number,The method contains a magic number: 2,30
S3Mock,com.adobe.testing.s3mock.dto,ListBucketResultTest,createBucketContents,Long Statement,The length of the statement "S3Object s3Object=new S3Object("key" + i`"2009-10-12T17:50:30.000Z"`"\"fba9dede5f27731c9771645a39863328\""`"434234"`StorageClass.STANDARD`new Owner(String.valueOf(10L + i)`"displayName"));" is 188.,39
S3Mock,com.adobe.testing.s3mock.dto,ListBucketResultTest,createBucketContents,Magic Number,The method contains a magic number: 10L,39
S3Mock,com.adobe.testing.s3mock.dto,ListBucketResultV2Test,testSerialization,Long Statement,The length of the statement "ListBucketResultV2 iut=new ListBucketResultV2("bucketName"`"prefix/"`1000`false`createBucketContents(2)`Arrays.asList("prefix1/"`"prefix2/")`"continuationToken"`"2"`"nextContinuationToken"`"startAfter"`"url");" is 209.,30
S3Mock,com.adobe.testing.s3mock.dto,ListBucketResultV2Test,testSerialization,Magic Number,The method contains a magic number: 1000,30
S3Mock,com.adobe.testing.s3mock.dto,ListBucketResultV2Test,testSerialization,Magic Number,The method contains a magic number: 2,30
S3Mock,com.adobe.testing.s3mock.dto,ListBucketResultV2Test,createBucketContents,Long Statement,The length of the statement "S3Object s3Object=new S3Object("key" + i`"2009-10-12T17:50:30.000Z"`"\"fba9dede5f27731c9771645a39863328\""`"434234"`StorageClass.STANDARD`new Owner(String.valueOf(10L + i)`"displayName"));" is 188.,40
S3Mock,com.adobe.testing.s3mock.dto,ListBucketResultV2Test,createBucketContents,Magic Number,The method contains a magic number: 10L,40
S3Mock,com.adobe.testing.s3mock.dto,ListMultipartUploadsResultTest,testSerialization,Long Statement,The length of the statement "ListMultipartUploadsResult iut=new ListMultipartUploadsResult("bucketName"`"keyMarker"`"/"`"prefix/"`"uploadIdMarker"`2`false`"nextKeyMarker"`"nextUploadIdMarker"`createMultipartUploads(2)`Arrays.asList("prefix1/"`"prefix2/"));" is 227.,30
S3Mock,com.adobe.testing.s3mock.dto,ListMultipartUploadsResultTest,testSerialization,Magic Number,The method contains a magic number: 2,30
S3Mock,com.adobe.testing.s3mock.dto,ListMultipartUploadsResultTest,testSerialization,Magic Number,The method contains a magic number: 2,30
S3Mock,com.adobe.testing.s3mock.dto,ListMultipartUploadsResultTest,createMultipartUploads,Long Statement,The length of the statement "MultipartUpload multipartUpload=new MultipartUpload("key" + i`"uploadId" + i`new Owner(String.valueOf(10L + i)`"displayName10" + i)`new Owner(String.valueOf(100L + i)`"displayName100" + i)`new Date(1514477008120L));" is 215.,41
S3Mock,com.adobe.testing.s3mock.dto,ListMultipartUploadsResultTest,createMultipartUploads,Magic Number,The method contains a magic number: 10L,41
S3Mock,com.adobe.testing.s3mock.dto,ListMultipartUploadsResultTest,createMultipartUploads,Magic Number,The method contains a magic number: 100L,41
S3Mock,com.adobe.testing.s3mock.dto,ListMultipartUploadsResultTest,createMultipartUploads,Magic Number,The method contains a magic number: 1514477008120L,41
S3Mock,com.adobe.testing.s3mock.dto,ListPartsResultTest,testSerialization,Magic Number,The method contains a magic number: 2,30
S3Mock,com.adobe.testing.s3mock.dto,ListPartsResultTest,createParts,Magic Number,The method contains a magic number: 1514477008120L,39
S3Mock,com.adobe.testing.s3mock.dto,ListPartsResultTest,createParts,Magic Number,The method contains a magic number: 10L,39
S3Mock,com.adobe.testing.s3mock.dto,RetentionTest,testDeserialization,Magic Number,The method contains a magic number: 1514477008120L,30
S3Mock,com.adobe.testing.s3mock.dto,RetentionTest,testSerialization,Magic Number,The method contains a magic number: 1514477008120L,38
S3Mock,com.adobe.testing.s3mock.dto,TaggingTest,testDeserialization,Magic Number,The method contains a magic number: 2,37
S3Mock,com.adobe.testing.s3mock.service,BucketService,listBuckets,Long Statement,The length of the statement "List<Bucket> buckets=bucketStore.listBuckets().stream().filter(Objects::nonNull).map(Bucket::from).collect(Collectors.toList());" is 128.,71
S3Mock,com.adobe.testing.s3mock.service,BucketService,getS3Objects,Long Statement,The length of the statement "return uuids.stream().map(uuid -> objectStore.getS3ObjectMetadata(bucketMetadata`uuid)).filter(Objects::nonNull).map(S3Object::from).sorted(Comparator.comparing(S3Object::getKey)).collect(Collectors.toList());" is 209.,140
S3Mock,com.adobe.testing.s3mock.service,BucketService,listObjectsV2,Long Parameter List,The method has 7 parameters. ,161
S3Mock,com.adobe.testing.s3mock.service,BucketService,listObjectsV2,Long Statement,The length of the statement "return new ListBucketResultV2(bucketName`returnPrefix`maxKeys`isTruncated`contents`returnCommonPrefixes`continuationToken`String.valueOf(contents.size())`nextContinuationToken`returnStartAfter`encodingType);" is 207.,161
S3Mock,com.adobe.testing.s3mock.service,BucketService,listObjectsV1,Long Parameter List,The method has 6 parameters. ,218
S3Mock,com.adobe.testing.s3mock.service,BucketService,listObjectsV1,Long Statement,The length of the statement "return new ListBucketResult(bucketName`returnPrefix`marker`maxKeys`isTruncated`encodingType`nextMarker`contents`returnCommonPrefixes);" is 134.,218
S3Mock,com.adobe.testing.s3mock.service,BucketService,filterObjectsBy,Long Statement,The length of the statement "return s3Objects.stream().filter(c -> commonPrefixes.stream().noneMatch(p -> c.getKey().startsWith(p))).collect(Collectors.toList());" is 133.,355
S3Mock,com.adobe.testing.s3mock.service,MultipartService,putPart,Long Parameter List,The method has 8 parameters. ,61
S3Mock,com.adobe.testing.s3mock.service,MultipartService,putPart,Long Statement,The length of the statement "return multipartStore.putPart(bucketMetadata`uuid`uploadId`partNumber`inputStream`useV4ChunkedWithSigningFormat`encryption`kmsKeyId);" is 133.,61
S3Mock,com.adobe.testing.s3mock.service,MultipartService,copyPart,Long Parameter List,The method has 7 parameters. ,92
S3Mock,com.adobe.testing.s3mock.service,MultipartService,copyPart,Long Statement,The length of the statement "String partEtag=multipartStore.copyPart(sourceBucketMetadata`sourceId`copyRange`partNumber`destinationBucketMetadata`destinationId`uploadId);" is 141.,92
S3Mock,com.adobe.testing.s3mock.service,MultipartService,copyPart,Long Statement,The length of the statement "LOG.error("Could not copy part. sourceBucket={}` destinationBucket={}` key={}` sourceId={}` " + "destinationId={}` uploadId={}"`sourceBucketMetadata`destinationBucketMetadata`key`sourceId`destinationId`uploadId`e);" is 214.,92
S3Mock,com.adobe.testing.s3mock.service,MultipartService,completeMultipartUpload,Long Parameter List,The method has 7 parameters. ,170
S3Mock,com.adobe.testing.s3mock.service,MultipartService,prepareMultipartUpload,Long Parameter List,The method has 8 parameters. ,197
S3Mock,com.adobe.testing.s3mock.service,MultipartService,prepareMultipartUpload,Long Statement,The length of the statement "multipartStore.prepareMultipartUpload(bucketMetadata`key`id`contentType`contentEncoding`uploadId`owner`initiator`userMetadata);" is 127.,197
S3Mock,com.adobe.testing.s3mock.service,MultipartService,listMultipartUploads,Long Statement,The length of the statement "return new ListMultipartUploadsResult(bucketName`keyMarker`delimiter`prefix`uploadIdMarker`maxUploads`isTruncated`nextKeyMarker`nextUploadIdMarker`multipartUploads`commonPrefixes);" is 180.,230
S3Mock,com.adobe.testing.s3mock.service,MultipartService,listMultipartUploads,Magic Number,The method contains a magic number: 1000,230
S3Mock,com.adobe.testing.s3mock.service,MultipartService,verifyPartNumberLimits,Magic Number,The method contains a magic number: 10000,260
S3Mock,com.adobe.testing.s3mock.service,MultipartService,verifyMultipartParts,Long Statement,The length of the statement "Map<Integer`String> uploadedPartsMap=uploadedParts.stream().collect(Collectors.toMap(CompletedPart::getPartNumber`CompletedPart::getETag));" is 139.,274
S3Mock,com.adobe.testing.s3mock.service,MultipartService,verifyMultipartParts,Long Statement,The length of the statement "if (!uploadedPartsMap.containsKey(part.getPartNumber()) || !uploadedPartsMap.get(part.getPartNumber()).equals(part.getETag())) {" is 128.,274
S3Mock,com.adobe.testing.s3mock.service,MultipartService,verifyMultipartParts,Long Statement,The length of the statement "LOG.error("Multipart part not valid. bucket={}` id={}` uploadId={}` partNumber={}"`bucketMetadata`id`uploadId`part.getPartNumber());" is 132.,274
S3Mock,com.adobe.testing.s3mock.service,MultipartService,verifyMultipartParts,Long Statement,The length of the statement "LOG.error("Multipart parts order invalid. bucket={}` id={}` uploadId={}` partNumber={}"`bucketMetadata`id`uploadId`part.getPartNumber());" is 137.,274
S3Mock,com.adobe.testing.s3mock.service,MultipartService,verifyMultipartParts,Long Statement,The length of the statement "LOG.error("Multipart part size too small. bucket={}` id={}` uploadId={}` size={}"`bucketMetadata`id`uploadId`part.getSize());" is 125.,307
S3Mock,com.adobe.testing.s3mock.service,ObjectService,copyS3Object,Long Parameter List,The method has 7 parameters. ,68
S3Mock,com.adobe.testing.s3mock.service,ObjectService,copyS3Object,Long Statement,The length of the statement "return objectStore.copyS3Object(sourceBucketMetadata`sourceId`destinationBucketMetadata`destinationId`destinationKey`encryption`kmsKeyId`userMetadata);" is 151.,68
S3Mock,com.adobe.testing.s3mock.service,ObjectService,putS3Object,Long Parameter List,The method has 11 parameters. ,113
S3Mock,com.adobe.testing.s3mock.service,ObjectService,putS3Object,Long Statement,The length of the statement "return objectStore.storeS3ObjectMetadata(bucketMetadata`id`key`contentType`contentEncoding`dataStream`useV4ChunkedWithSigningFormat`userMetadata`encryption`kmsKeyId`null`tags`owner);" is 182.,113
S3Mock,com.adobe.testing.s3mock.service,ObjectService,deleteObjects,Long Statement,The length of the statement "response.addError(new com.adobe.testing.s3mock.dto.Error("NoSuchKey"`object.getKey()`"The specified key does not exist."`object.getVersionId()));" is 145.,150
S3Mock,com.adobe.testing.s3mock.service,ObjectService,deleteObjects,Long Statement,The length of the statement "response.addError(new com.adobe.testing.s3mock.dto.Error("InternalError"`object.getKey()`"We encountered an internal error. Please try again."`object.getVersionId()));" is 167.,150
S3Mock,com.adobe.testing.s3mock.service,ObjectService,verifyObjectMatching,Complex Method,Cyclomatic complexity of the method is 8,312
S3Mock,com.adobe.testing.s3mock.service,ObjectService,copyTo,Magic Number,The method contains a magic number: 8192,358
S3Mock,com.adobe.testing.s3mock.service,BucketServiceTest,data,Long Statement,The length of the statement "return Arrays.asList(param(null`null).keys(ALL_OBJECTS)`param(""`null).keys(ALL_OBJECTS)`param(null`"").keys(ALL_OBJECTS)`param(null`"/").keys("a"`"b"`"d:1"`"d:1:1"`"eor.txt").prefixes("3330/"`"foo/"`"c/"`"b/"`"33309/")`param(""`"").keys(ALL_OBJECTS)`param("/"`null)`param("b"`null).keys("b"`"b/1"`"b/1/1"`"b/1/2"`"b/2")`param("b/"`null).keys("b/1"`"b/1/1"`"b/1/2"`"b/2")`param("b"`"").keys("b"`"b/1"`"b/1/1"`"b/1/2"`"b/2")`param("b"`"/").keys("b").prefixes("b/")`param("b/"`"/").keys("b/1"`"b/2").prefixes("b/1/")`param("b/1"`"/").keys("b/1").prefixes("b/1/")`param("b/1/"`"/").keys("b/1/1"`"b/1/2")`param("c"`"/").prefixes("c/")`param("c/"`"/").keys("c/1").prefixes("c/1/")`param("eor"`"/").keys("eor.txt"));" is 710.,98
S3Mock,com.adobe.testing.s3mock.service,BucketServiceTest,testCommonPrefixesAndBucketContentFilter,Long Statement,The length of the statement "assertThat(commonPrefixes).as("Returned prefixes are correct").containsExactlyInAnyOrderElementsOf(Arrays.asList(expectedPrefixes));" is 132.,124
S3Mock,com.adobe.testing.s3mock.service,BucketServiceTest,testCommonPrefixesAndBucketContentFilter,Long Statement,The length of the statement "assertThat(filteredBucketContents.stream().map(S3Object::getKey).collect(toList())).as("Returned keys are correct").containsExactlyInAnyOrderElementsOf(Arrays.asList(expectedKeys));" is 181.,124
S3Mock,com.adobe.testing.s3mock.service,BucketServiceTest,testCommonPrefixesNoPrefixDelimiter,Magic Number,The method contains a magic number: 5,169
S3Mock,com.adobe.testing.s3mock.service,BucketServiceTest,testCommonPrefixesPrefixDelimiter,Magic Number,The method contains a magic number: 2,179
S3Mock,com.adobe.testing.s3mock.service,BucketServiceTest,testListObjectsV2,Long Statement,The length of the statement "ListBucketResultV2 listBucketResult=iut.listObjectsV2(bucketName`prefix`delimiter`encodingType`startAfter`maxKeys`continuationToken);" is 133.,189
S3Mock,com.adobe.testing.s3mock.service,BucketServiceTest,testListObjectsV2,Magic Number,The method contains a magic number: 10,189
S3Mock,com.adobe.testing.s3mock.service,BucketServiceTest,testListObjectsV1,Magic Number,The method contains a magic number: 10,213
S3Mock,com.adobe.testing.s3mock.service,BucketServiceTest,testVerifyMaxKeys_success,Magic Number,The method contains a magic number: 10,310
S3Mock,com.adobe.testing.s3mock.service,MultipartServiceTest,testVerifyMultipartParts_withRequestedParts_success,Magic Number,The method contains a magic number: 2,82
S3Mock,com.adobe.testing.s3mock.service,MultipartServiceTest,testVerifyMultipartParts_withRequestedParts_wrongPartsFailure,Long Statement,The length of the statement "assertThatThrownBy(() -> iut.verifyMultipartParts(bucketName`key`uploadId`(List)requestedParts)).isEqualTo(INVALID_PART);" is 121.,95
S3Mock,com.adobe.testing.s3mock.service,MultipartServiceTest,testVerifyMultipartParts_withRequestedParts_wrongPartOrderFailure,Long Statement,The length of the statement "assertThatThrownBy(() -> iut.verifyMultipartParts(bucketName`key`uploadId`(List)requestedParts)).isEqualTo(INVALID_PART_ORDER);" is 127.,111
S3Mock,com.adobe.testing.s3mock.service,MultipartServiceTest,testVerifyMultipartParts_withRequestedParts_wrongPartOrderFailure,Magic Number,The method contains a magic number: 2,111
S3Mock,com.adobe.testing.s3mock.service,MultipartServiceTest,testVerifyMultipartParts_twoParts,Magic Number,The method contains a magic number: 2,140
S3Mock,com.adobe.testing.s3mock.service,MultipartServiceTest,testVerifyMultipartParts_twoPartsFailure,Magic Number,The method contains a magic number: 2,152
S3Mock,com.adobe.testing.s3mock.service,ObjectServiceTest,testDeleteObjects,Magic Number,The method contains a magic number: 2,62
S3Mock,com.adobe.testing.s3mock.service,ObjectServiceTest,testVerifyObjectMatching_matchFailure,Long Statement,The length of the statement "assertThatThrownBy(() -> iut.verifyObjectMatching(singletonList(etag)`null`s3ObjectMetadata)).isEqualTo(PRECONDITION_FAILED);" is 125.,169
S3Mock,com.adobe.testing.s3mock.service,ObjectServiceTest,testVerifyObjectMatching_noneMatchWildcard,Long Statement,The length of the statement "assertThatThrownBy(() -> iut.verifyObjectMatching(null`Arrays.asList(etag`WILDCARD_ETAG)`s3ObjectMetadata)).isEqualTo(NOT_MODIFIED);" is 132.,189
S3Mock,com.adobe.testing.s3mock.store,BucketMetadata,toString,Long Statement,The length of the statement "return "BucketMetadata{" + "name='" + name + '\''+ "` creationDate='"+ creationDate+ '\''+ "` path="+ path+ "` objects="+ objects+ '}';" is 135.,117
S3Mock,com.adobe.testing.s3mock.store,BucketMetadata,equals,Long Statement,The length of the statement "return Objects.equals(name`that.name) && Objects.equals(creationDate`that.creationDate) && Objects.equals(objectLockConfiguration`that.objectLockConfiguration)&& Objects.equals(path`that.path)&& Objects.equals(objects`that.objects);" is 232.,127
S3Mock,com.adobe.testing.s3mock.store,BucketStore,listBuckets,Long Statement,The length of the statement "return findBucketPaths().stream().map(path -> path.getFileName().toString()).map(this::getBucketMetadata).collect(Collectors.toList());" is 135.,67
S3Mock,com.adobe.testing.s3mock.store,BucketStore,lookupKeysInBucket,Long Statement,The length of the statement "return bucketMetadata.getObjects().entrySet().stream().filter(entry -> entry.getKey().startsWith(normalizedPrefix)).map(Map.Entry::getValue).collect(Collectors.toList());" is 170.,117
S3Mock,com.adobe.testing.s3mock.store,MultipartStore,prepareMultipartUpload,Long Parameter List,The method has 9 parameters. ,73
S3Mock,com.adobe.testing.s3mock.store,MultipartStore,prepareMultipartUpload,Long Statement,The length of the statement "LOG.error("Directories for storing multipart uploads couldn't be created. bucket={}` key={}` " + "id={}` uploadId={}"`bucket`key`id`uploadId);" is 142.,73
S3Mock,com.adobe.testing.s3mock.store,MultipartStore,listMultipartUploads,Long Statement,The length of the statement "return uploadIdToInfo.values().stream().filter(info -> bucketName == null || bucketName.equals(info.bucket)).filter(info -> isBlank(prefix) || info.upload.getKey().startsWith(prefix)).map(info -> info.upload).collect(Collectors.toList());" is 238.,105
S3Mock,com.adobe.testing.s3mock.store,MultipartStore,getMultipartUpload,Long Statement,The length of the statement "return uploadIdToInfo.values().stream().filter(info -> uploadId.equals(info.upload.getUploadId())).map(info -> info.upload).findFirst().orElseThrow(() -> new IllegalArgumentException("No MultipartUpload found with uploadId: " + uploadId));" is 239.,122
S3Mock,com.adobe.testing.s3mock.store,MultipartStore,putPart,Long Parameter List,The method has 8 parameters. ,165
S3Mock,com.adobe.testing.s3mock.store,MultipartStore,putPart,Long Statement,The length of the statement "File file=objectStore.inputStreamToFile(objectStore.wrapStream(inputStream`useV4ChunkedWithSigningFormat)`getPartPath(bucket`id`uploadId`partNumber));" is 150.,165
S3Mock,com.adobe.testing.s3mock.store,MultipartStore,completeMultipartUpload,Long Parameter List,The method has 7 parameters. ,195
S3Mock,com.adobe.testing.s3mock.store,MultipartStore,completeMultipartUpload,Long Statement,The length of the statement "List<Path> partsPaths=parts.stream().map(part -> Paths.get(partFolder.toString()`part.getPartNumber() + PART_SUFFIX)).collect(Collectors.toList());" is 147.,195
S3Mock,com.adobe.testing.s3mock.store,MultipartStore,completeMultipartUpload,Long Statement,The length of the statement "objectStore.storeS3ObjectMetadata(bucket`id`key`uploadInfo.contentType`uploadInfo.contentEncoding`inputStream`false`uploadInfo.userMetadata`encryption`kmsKeyId`etag`Collections.emptyList()`Owner.DEFAULT_OWNER);" is 210.,195
S3Mock,com.adobe.testing.s3mock.store,MultipartStore,getMultipartUploadParts,Long Statement,The length of the statement "try (DirectoryStream<Path> directoryStream=newDirectoryStream(partsPath`path -> path.getFileName().toString().endsWith(PART_SUFFIX))){" is 134.,247
S3Mock,com.adobe.testing.s3mock.store,MultipartStore,copyPart,Long Parameter List,The method has 7 parameters. ,278
S3Mock,com.adobe.testing.s3mock.store,MultipartStore,copyPartToFile,Long Statement,The length of the statement "try (InputStream sourceStream=openInputStream(s3ObjectMetadata.getDataPath().toFile());OutputStream targetStream=newOutputStream(partFile.toPath())){" is 149.,347
S3Mock,com.adobe.testing.s3mock.store,MultipartStore,verifyMultipartUploadPreparation,Complex Conditional,The conditional expression multipartUploadInfo == null || partsFolder == null || !partsFolder.toFile().exists() || !partsFolder.toFile().isDirectory() is complex.,402
S3Mock,com.adobe.testing.s3mock.store,MultipartStore,verifyMultipartUploadPreparation,Long Statement,The length of the statement "if (multipartUploadInfo == null || partsFolder == null || !partsFolder.toFile().exists() || !partsFolder.toFile().isDirectory()) {" is 130.,402
S3Mock,com.adobe.testing.s3mock.store,MultipartStore,verifyMultipartUploadPreparation,Long Statement,The length of the statement "LOG.error("Multipart Request was not prepared. bucket={}` id={}` uploadId={}` partsFolder={}"`bucket`id`uploadId`partsFolder);" is 126.,402
S3Mock,com.adobe.testing.s3mock.store,MultipartUploadInfo,MultipartUploadInfo,Long Parameter List,The method has 5 parameters. ,33
S3Mock,com.adobe.testing.s3mock.store,ObjectStore,storeS3ObjectMetadata,Long Parameter List,The method has 13 parameters. ,84
S3Mock,com.adobe.testing.s3mock.store,ObjectStore,copyS3Object,Long Parameter List,The method has 8 parameters. ,242
S3Mock,com.adobe.testing.s3mock.store,ObjectStore,copyS3Object,Long Statement,The length of the statement "copiedObject=storeS3ObjectMetadata(destinationBucket`destinationId`destinationKey`sourceObject.getContentType()`sourceObject.getContentEncoding()`inputStream`false`userMetadata == null || userMetadata.isEmpty() ? sourceObject.getUserMetadata() : userMetadata`encryption`kmsKeyId`null`sourceObject.getTags()`sourceObject.getOwner());" is 332.,242
S3Mock,com.adobe.testing.s3mock.store,ObjectStore,pretendToCopyS3Object,Long Statement,The length of the statement "sourceObject.setUserMetadata(userMetadata == null || userMetadata.isEmpty() ? sourceObject.getUserMetadata() : userMetadata);" is 125.,294
S3Mock,com.adobe.testing.s3mock.store,ObjectStore,inputStreamToFile,Magic Number,The method contains a magic number: 1024,347
S3Mock,com.adobe.testing.s3mock.store,StoreConfiguration,rootFolder,Long Statement,The length of the statement "LOG.info("Successfully created \"{}\" as root folder. Will retain files on exit: {}"`root.getAbsolutePath()`properties.isRetainFilesOnExit());" is 142.,97
S3Mock,com.adobe.testing.s3mock.store,StoreConfiguration,rootFolder,Long Statement,The length of the statement "LOG.info("Using existing folder \"{}\" as root folder. Will retain files on exit: {}"`root.getAbsolutePath()`properties.isRetainFilesOnExit());" is 143.,97
S3Mock,com.adobe.testing.s3mock.store,StoreConfiguration,rootFolder,Long Statement,The length of the statement "LOG.info("Successfully created \"{}\" as root folder. Will retain files on exit: {}"`root.getAbsolutePath()`properties.isRetainFilesOnExit());" is 142.,97
S3Mock,com.adobe.testing.s3mock.store,BucketStoreTest,testDoesBucketExist_ok,Long Statement,The length of the statement "assertThat(doesBucketExist).as(String.format("The previously created bucket` '%s'` should exist!"`TEST_BUCKET_NAME)).isTrue();" is 126.,52
S3Mock,com.adobe.testing.s3mock.store,BucketStoreTest,testCreateAndListBucketsWithUmlauts,Magic Number,The method contains a magic number: 3,71
S3Mock,com.adobe.testing.s3mock.store,BucketStoreTest,testStoreAndGetBucketLifecycleConfiguration,Long Statement,The length of the statement "LifecycleRule rule1=new LifecycleRule(null`null`filter1`"id1"`null`null`LifecycleRule.Status.ENABLED`singletonList(transition1));" is 129.,109
S3Mock,com.adobe.testing.s3mock.store,BucketStoreTest,testStoreAndGetBucketLifecycleConfiguration,Magic Number,The method contains a magic number: 30,109
S3Mock,com.adobe.testing.s3mock.store,MultipartStoreTest,shouldCreateMultipartUploadFolder,Long Statement,The length of the statement "multipartStore.prepareMultipartUpload(metadataFrom(TEST_BUCKET_NAME)`fileName`id`DEFAULT_CONTENT_TYPE`ENCODING_GZIP`uploadId`TEST_OWNER`TEST_OWNER`NO_USER_METADATA);" is 165.,77
S3Mock,com.adobe.testing.s3mock.store,MultipartStoreTest,shouldCreateMultipartUploadFolderIfBucketExists,Long Statement,The length of the statement "multipartStore.prepareMultipartUpload(metadataFrom(TEST_BUCKET_NAME)`fileName`id`DEFAULT_CONTENT_TYPE`ENCODING_GZIP`uploadId`TEST_OWNER`TEST_OWNER`NO_USER_METADATA);" is 165.,95
S3Mock,com.adobe.testing.s3mock.store,MultipartStoreTest,shouldStorePart,Long Statement,The length of the statement "multipartStore.prepareMultipartUpload(metadataFrom(TEST_BUCKET_NAME)`fileName`id`DEFAULT_CONTENT_TYPE`ENCODING_GZIP`uploadId`TEST_OWNER`TEST_OWNER`NO_USER_METADATA);" is 165.,114
S3Mock,com.adobe.testing.s3mock.store,MultipartStoreTest,shouldStorePart,Long Statement,The length of the statement "multipartStore.putPart(metadataFrom(TEST_BUCKET_NAME)`id`uploadId`partNumber`new ByteArrayInputStream("Test".getBytes())`false`NO_ENC`NO_ENC_KEY);" is 146.,114
S3Mock,com.adobe.testing.s3mock.store,MultipartStoreTest,shouldStorePart,Long Statement,The length of the statement "assertThat(Paths.get(rootFolder.getAbsolutePath()`TEST_BUCKET_NAME`id.toString()`uploadId`partNumber + ".part").toFile().exists()).as("Part does not exist!").isTrue();" is 167.,114
S3Mock,com.adobe.testing.s3mock.store,MultipartStoreTest,shouldFinishUpload,Long Statement,The length of the statement "multipartStore.prepareMultipartUpload(metadataFrom(TEST_BUCKET_NAME)`fileName`id`DEFAULT_CONTENT_TYPE`ENCODING_GZIP`uploadId`TEST_OWNER`TEST_OWNER`NO_USER_METADATA);" is 165.,135
S3Mock,com.adobe.testing.s3mock.store,MultipartStoreTest,shouldFinishUpload,Long Statement,The length of the statement "multipartStore.putPart(metadataFrom(TEST_BUCKET_NAME)`id`uploadId`"1"`new ByteArrayInputStream("Part1".getBytes())`false`NO_ENC`NO_ENC_KEY);" is 140.,135
S3Mock,com.adobe.testing.s3mock.store,MultipartStoreTest,shouldFinishUpload,Long Statement,The length of the statement "multipartStore.putPart(metadataFrom(TEST_BUCKET_NAME)`id`uploadId`"2"`new ByteArrayInputStream("Part2".getBytes())`false`NO_ENC`NO_ENC_KEY);" is 140.,135
S3Mock,com.adobe.testing.s3mock.store,MultipartStoreTest,shouldFinishUpload,Long Statement,The length of the statement "final String etag=multipartStore.completeMultipartUpload(metadataFrom(TEST_BUCKET_NAME)`fileName`id`uploadId`getParts(2)`NO_ENC`NO_ENC_KEY);" is 140.,135
S3Mock,com.adobe.testing.s3mock.store,MultipartStoreTest,shouldFinishUpload,Long Statement,The length of the statement "assertThat(Paths.get(rootFolder.getAbsolutePath()`TEST_BUCKET_NAME`id.toString()`"binaryData").toFile().exists()).as("File does not exist!").isTrue();" is 150.,135
S3Mock,com.adobe.testing.s3mock.store,MultipartStoreTest,shouldFinishUpload,Long Statement,The length of the statement "assertThat(Paths.get(rootFolder.getAbsolutePath()`TEST_BUCKET_NAME`id.toString()`"objectMetadata.json").toFile().exists()).as("Metadata does not exist!").isTrue();" is 163.,135
S3Mock,com.adobe.testing.s3mock.store,MultipartStoreTest,shouldFinishUpload,Magic Number,The method contains a magic number: 2,135
S3Mock,com.adobe.testing.s3mock.store,MultipartStoreTest,hasValidMetadata,Long Statement,The length of the statement "multipartStore.prepareMultipartUpload(metadataFrom(TEST_BUCKET_NAME)`fileName`id`DEFAULT_CONTENT_TYPE`ENCODING_GZIP`uploadId`TEST_OWNER`TEST_OWNER`NO_USER_METADATA);" is 165.,169
S3Mock,com.adobe.testing.s3mock.store,MultipartStoreTest,hasValidMetadata,Long Statement,The length of the statement "multipartStore.putPart(metadataFrom(TEST_BUCKET_NAME)`id`uploadId`"1"`new ByteArrayInputStream("Part1".getBytes())`false`NO_ENC`NO_ENC_KEY);" is 140.,169
S3Mock,com.adobe.testing.s3mock.store,MultipartStoreTest,hasValidMetadata,Long Statement,The length of the statement "multipartStore.putPart(metadataFrom(TEST_BUCKET_NAME)`id`uploadId`"2"`new ByteArrayInputStream("Part2".getBytes())`false`NO_ENC`NO_ENC_KEY);" is 140.,169
S3Mock,com.adobe.testing.s3mock.store,MultipartStoreTest,hasValidMetadata,Long Statement,The length of the statement "multipartStore.completeMultipartUpload(metadataFrom(TEST_BUCKET_NAME)`fileName`id`uploadId`getParts(2)`NO_ENC`NO_ENC_KEY);" is 122.,169
S3Mock,com.adobe.testing.s3mock.store,MultipartStoreTest,hasValidMetadata,Magic Number,The method contains a magic number: 2,169
S3Mock,com.adobe.testing.s3mock.store,MultipartStoreTest,returnsValidPartsFromMultipart,Long Statement,The length of the statement "multipartStore.prepareMultipartUpload(metadataFrom(TEST_BUCKET_NAME)`fileName`id`DEFAULT_CONTENT_TYPE`ENCODING_GZIP`uploadId`TEST_OWNER`TEST_OWNER`NO_USER_METADATA);" is 165.,200
S3Mock,com.adobe.testing.s3mock.store,MultipartStoreTest,returnsValidPartsFromMultipart,Magic Number,The method contains a magic number: 2,200
S3Mock,com.adobe.testing.s3mock.store,MultipartStoreTest,returnsValidPartsFromMultipart,Magic Number,The method contains a magic number: 2,200
S3Mock,com.adobe.testing.s3mock.store,MultipartStoreTest,deletesTemporaryMultipartUploadFolder,Long Statement,The length of the statement "multipartStore.prepareMultipartUpload(metadataFrom(TEST_BUCKET_NAME)`fileName`id`DEFAULT_CONTENT_TYPE`ENCODING_GZIP`uploadId`TEST_OWNER`TEST_OWNER`NO_USER_METADATA);" is 165.,241
S3Mock,com.adobe.testing.s3mock.store,MultipartStoreTest,deletesTemporaryMultipartUploadFolder,Long Statement,The length of the statement "multipartStore.putPart(metadataFrom(TEST_BUCKET_NAME)`id`uploadId`"1"`new ByteArrayInputStream("Part1".getBytes())`false`NO_ENC`NO_ENC_KEY);" is 140.,241
S3Mock,com.adobe.testing.s3mock.store,MultipartStoreTest,deletesTemporaryMultipartUploadFolder,Long Statement,The length of the statement "multipartStore.completeMultipartUpload(metadataFrom(TEST_BUCKET_NAME)`fileName`id`uploadId`getParts(1)`NO_ENC`NO_ENC_KEY);" is 122.,241
S3Mock,com.adobe.testing.s3mock.store,MultipartStoreTest,deletesTemporaryMultipartUploadFolder,Long Statement,The length of the statement "assertThat(Paths.get(rootFolder.getAbsolutePath()`TEST_BUCKET_NAME`fileName`uploadId).toFile().exists()).as("Folder should not exist anymore!").isFalse();" is 154.,241
S3Mock,com.adobe.testing.s3mock.store,MultipartStoreTest,listsMultipartUploads,Long Statement,The length of the statement "final MultipartUpload initiatedUpload=multipartStore.prepareMultipartUpload(bucketMetadata`fileName`id`DEFAULT_CONTENT_TYPE`ENCODING_GZIP`uploadId`TEST_OWNER`TEST_OWNER`NO_USER_METADATA);" is 187.,261
S3Mock,com.adobe.testing.s3mock.store,MultipartStoreTest,listsMultipartUploadsMultipleBuckets,Long Statement,The length of the statement "final MultipartUpload initiatedUpload1=multipartStore.prepareMultipartUpload(metadataFrom(bucketName1)`fileName1`id1`DEFAULT_CONTENT_TYPE`ENCODING_GZIP`uploadId1`TEST_OWNER`TEST_OWNER`NO_USER_METADATA);" is 202.,288
S3Mock,com.adobe.testing.s3mock.store,MultipartStoreTest,listsMultipartUploadsMultipleBuckets,Long Statement,The length of the statement "final MultipartUpload initiatedUpload2=multipartStore.prepareMultipartUpload(metadataFrom(bucketName2)`fileName2`id2`DEFAULT_CONTENT_TYPE`ENCODING_GZIP`uploadId2`TEST_OWNER`TEST_OWNER`NO_USER_METADATA);" is 202.,288
S3Mock,com.adobe.testing.s3mock.store,MultipartStoreTest,abortMultipartUpload,Long Statement,The length of the statement "multipartStore.prepareMultipartUpload(metadataFrom(TEST_BUCKET_NAME)`fileName`id`DEFAULT_CONTENT_TYPE`ENCODING_GZIP`uploadId`TEST_OWNER`TEST_OWNER`NO_USER_METADATA);" is 165.,333
S3Mock,com.adobe.testing.s3mock.store,MultipartStoreTest,abortMultipartUpload,Long Statement,The length of the statement "multipartStore.putPart(metadataFrom(TEST_BUCKET_NAME)`id`uploadId`"1"`new ByteArrayInputStream("Part1".getBytes())`false`NO_ENC`NO_ENC_KEY);" is 140.,333
S3Mock,com.adobe.testing.s3mock.store,MultipartStoreTest,abortMultipartUpload,Long Statement,The length of the statement "assertThat(Paths.get(rootFolder.getAbsolutePath()`TEST_BUCKET_NAME`fileName`"binaryData").toFile().exists()).as("File exists!").isFalse();" is 138.,333
S3Mock,com.adobe.testing.s3mock.store,MultipartStoreTest,abortMultipartUpload,Long Statement,The length of the statement "assertThat(Paths.get(rootFolder.getAbsolutePath()`TEST_BUCKET_NAME`fileName`"objectMetadata").toFile().exists()).as("Metadata exists!").isFalse();" is 146.,333
S3Mock,com.adobe.testing.s3mock.store,MultipartStoreTest,abortMultipartUpload,Long Statement,The length of the statement "assertThat(Paths.get(rootFolder.getAbsolutePath()`TEST_BUCKET_NAME`fileName`uploadId).toFile().exists()).as("Temp upload folder exists!").isFalse();" is 148.,333
S3Mock,com.adobe.testing.s3mock.store,MultipartStoreTest,copyPart,Long Statement,The length of the statement "objectStore.storeS3ObjectMetadata(metadataFrom(TEST_BUCKET_NAME)`sourceId`sourceFile`DEFAULT_CONTENT_TYPE`ENCODING_GZIP`new ByteArrayInputStream(contentBytes)`false`NO_USER_METADATA`NO_ENC`NO_ENC_KEY`null`emptyList()`Owner.DEFAULT_OWNER);" is 238.,363
S3Mock,com.adobe.testing.s3mock.store,MultipartStoreTest,copyPart,Long Statement,The length of the statement "multipartStore.prepareMultipartUpload(metadataFrom(TEST_BUCKET_NAME)`targetFile`destinationId`DEFAULT_CONTENT_TYPE`ENCODING_GZIP`uploadId`TEST_OWNER`TEST_OWNER`NO_USER_METADATA);" is 178.,363
S3Mock,com.adobe.testing.s3mock.store,MultipartStoreTest,copyPart,Long Statement,The length of the statement "multipartStore.copyPart(metadataFrom(TEST_BUCKET_NAME)`sourceId`range`partNumber`metadataFrom(TEST_BUCKET_NAME)`destinationId`uploadId);" is 136.,363
S3Mock,com.adobe.testing.s3mock.store,MultipartStoreTest,copyPart,Long Statement,The length of the statement "assertThat(Paths.get(rootFolder.getAbsolutePath()`TEST_BUCKET_NAME`destinationId.toString()`uploadId`partNumber + ".part").toFile().exists()).as("Part does not exist!").isTrue();" is 178.,363
S3Mock,com.adobe.testing.s3mock.store,MultipartStoreTest,copyPartNoRange,Long Statement,The length of the statement "objectStore.storeS3ObjectMetadata(bucketMetadata`sourceId`sourceFile`DEFAULT_CONTENT_TYPE`ENCODING_GZIP`new ByteArrayInputStream(contentBytes)`false`NO_USER_METADATA`NO_ENC`NO_ENC_KEY`null`emptyList()`Owner.DEFAULT_OWNER);" is 222.,392
S3Mock,com.adobe.testing.s3mock.store,MultipartStoreTest,copyPartNoRange,Long Statement,The length of the statement "multipartStore.prepareMultipartUpload(bucketMetadata`targetFile`destinationId`DEFAULT_CONTENT_TYPE`ENCODING_GZIP`uploadId`TEST_OWNER`TEST_OWNER`NO_USER_METADATA);" is 162.,392
S3Mock,com.adobe.testing.s3mock.store,MultipartStoreTest,copyPartNoRange,Long Statement,The length of the statement "assertThat(Paths.get(bucketMetadata.getPath().toString()`destinationId.toString()`uploadId`partNumber + ".part").toFile().exists()).as("Part does not exist!").isTrue();" is 168.,392
S3Mock,com.adobe.testing.s3mock.store,MultipartStoreTest,missingUploadPreparation,Long Statement,The length of the statement "IllegalStateException e=Assertions.assertThrows(IllegalStateException.class`() -> multipartStore.copyPart(metadataFrom(TEST_BUCKET_NAME)`UUID.randomUUID()`range`"1"`metadataFrom(TEST_BUCKET_NAME)`UUID.randomUUID()`UUID.randomUUID().toString()));" is 245.,421
S3Mock,com.adobe.testing.s3mock.store,MultipartStoreTest,multipartUploadPartsAreSortedNumerically,Long Statement,The length of the statement "multipartStore.prepareMultipartUpload(metadataFrom(TEST_BUCKET_NAME)`filename`id`TEXT_PLAIN`ENCODING_GZIP`uploadId`TEST_OWNER`TEST_OWNER`NO_USER_METADATA);" is 155.,433
S3Mock,com.adobe.testing.s3mock.store,MultipartStoreTest,multipartUploadPartsAreSortedNumerically,Long Statement,The length of the statement "multipartStore.putPart(metadataFrom(TEST_BUCKET_NAME)`id`uploadId`String.valueOf(i)`inputStream`false`NO_ENC`NO_ENC_KEY);" is 121.,433
S3Mock,com.adobe.testing.s3mock.store,MultipartStoreTest,multipartUploadPartsAreSortedNumerically,Long Statement,The length of the statement "multipartStore.completeMultipartUpload(metadataFrom(TEST_BUCKET_NAME)`filename`id`uploadId`getParts(10)`NO_ENC`NO_ENC_KEY);" is 123.,433
S3Mock,com.adobe.testing.s3mock.store,MultipartStoreTest,multipartUploadPartsAreSortedNumerically,Long Statement,The length of the statement "final List<String> s=FileUtils.readLines(objectStore.getS3ObjectMetadata(metadataFrom(TEST_BUCKET_NAME)`id).getDataPath().toFile()`"UTF8");" is 139.,433
S3Mock,com.adobe.testing.s3mock.store,MultipartStoreTest,multipartUploadPartsAreSortedNumerically,Magic Number,The method contains a magic number: 11,433
S3Mock,com.adobe.testing.s3mock.store,MultipartStoreTest,multipartUploadPartsAreSortedNumerically,Magic Number,The method contains a magic number: 10,433
S3Mock,com.adobe.testing.s3mock.store,MultipartStoreTest,multipartUploadPartsAreSortedNumerically,Magic Number,The method contains a magic number: 10,433
S3Mock,com.adobe.testing.s3mock.store,ObjectStoreTest,testStoreObject,Long Statement,The length of the statement "S3ObjectMetadata returnedObject=objectStore.storeS3ObjectMetadata(metadataFrom(TEST_BUCKET_NAME)`id`name`null`ENCODING_GZIP`Files.newInputStream(path)`false`emptyMap()`null`null`null`emptyList()`Owner.DEFAULT_OWNER);" is 216.,85
S3Mock,com.adobe.testing.s3mock.store,ObjectStoreTest,testStoreObject,Long Statement,The length of the statement "assertThat(returnedObject.getContentType()).as("ContentType should be '" + "binary/octet-stream" + "'").isEqualTo("binary/octet-stream");" is 137.,85
S3Mock,com.adobe.testing.s3mock.store,ObjectStoreTest,testStoreObject,Long Statement,The length of the statement "assertThat(returnedObject.getContentEncoding()).as("ContentEncoding should be '" + ENCODING_GZIP + "'").isEqualTo(ENCODING_GZIP);" is 129.,85
S3Mock,com.adobe.testing.s3mock.store,ObjectStoreTest,testStoreObject,Long Statement,The length of the statement "assertThat(contentOf(sourceFile`UTF_8)).as("Files should be equal").isEqualTo(contentOf(returnedObject.getDataPath().toFile()`UTF_8));" is 134.,85
S3Mock,com.adobe.testing.s3mock.store,ObjectStoreTest,testStoreAndGetObject,Long Statement,The length of the statement "objectStore.storeS3ObjectMetadata(metadataFrom(TEST_BUCKET_NAME)`id`name`TEXT_PLAIN`ENCODING_GZIP`Files.newInputStream(path)`false`emptyMap()`null`null`null`emptyList()`Owner.DEFAULT_OWNER);" is 190.,113
S3Mock,com.adobe.testing.s3mock.store,ObjectStoreTest,testStoreAndGetObject,Long Statement,The length of the statement "assertThat(returnedObject.getContentEncoding()).as("ContentEncoding should be '" + ENCODING_GZIP + "'").isEqualTo(ENCODING_GZIP);" is 129.,113
S3Mock,com.adobe.testing.s3mock.store,ObjectStoreTest,testStoreAndGetObject,Long Statement,The length of the statement "assertThat(contentOf(sourceFile`UTF_8)).as("Files should be equal").isEqualTo(contentOf(returnedObject.getDataPath().toFile()`UTF_8));" is 134.,113
S3Mock,com.adobe.testing.s3mock.store,ObjectStoreTest,testStoreObjectEncrypted,Long Statement,The length of the statement "S3ObjectMetadata storedObject=objectStore.storeS3ObjectMetadata(metadataFrom(TEST_BUCKET_NAME)`id`name`contentType`null`new ByteArrayInputStream(SIGNED_CONTENT.getBytes(UTF_8))`true`emptyMap()`TEST_ENC_TYPE`TEST_ENC_KEY`null`emptyList()`Owner.DEFAULT_OWNER);" is 258.,144
S3Mock,com.adobe.testing.s3mock.store,ObjectStoreTest,testStoreAndGetObjectEncrypted,Long Statement,The length of the statement "objectStore.storeS3ObjectMetadata(metadataFrom(TEST_BUCKET_NAME)`id`name`contentType`null`new ByteArrayInputStream(SIGNED_CONTENT.getBytes(UTF_8))`true`emptyMap()`TEST_ENC_TYPE`TEST_ENC_KEY`null`emptyList()`Owner.DEFAULT_OWNER);" is 228.,176
S3Mock,com.adobe.testing.s3mock.store,ObjectStoreTest,testStoreAndGetObject_startsWithSlash,Long Statement,The length of the statement "objectStore.storeS3ObjectMetadata(metadataFrom(TEST_BUCKET_NAME)`id`name`TEXT_PLAIN`ENCODING_GZIP`Files.newInputStream(path)`false`emptyMap()`null`null`null`emptyList()`Owner.DEFAULT_OWNER);" is 190.,209
S3Mock,com.adobe.testing.s3mock.store,ObjectStoreTest,testStoreAndGetObject_startsWithSlash,Long Statement,The length of the statement "assertThat(returnedObject.getContentEncoding()).as("ContentEncoding should be '" + ENCODING_GZIP + "'").isEqualTo(ENCODING_GZIP);" is 129.,209
S3Mock,com.adobe.testing.s3mock.store,ObjectStoreTest,testStoreAndGetObject_startsWithSlash,Long Statement,The length of the statement "assertThat(contentOf(sourceFile`UTF_8)).as("Files should be equal").isEqualTo(contentOf(returnedObject.getDataPath().toFile()`UTF_8));" is 134.,209
S3Mock,com.adobe.testing.s3mock.store,ObjectStoreTest,testStoreAndGetObjectWithTags,Long Statement,The length of the statement "objectStore.storeS3ObjectMetadata(metadataFrom(TEST_BUCKET_NAME)`id`name`TEXT_PLAIN`ENCODING_GZIP`Files.newInputStream(sourceFile.toPath())`false`NO_USER_METADATA`NO_ENC`NO_ENC_KEY`null`tags`Owner.DEFAULT_OWNER);" is 212.,240
S3Mock,com.adobe.testing.s3mock.store,ObjectStoreTest,testStoreAndGetTagsOnExistingObject,Long Statement,The length of the statement "objectStore.storeS3ObjectMetadata(metadataFrom(TEST_BUCKET_NAME)`id`name`TEXT_PLAIN`ENCODING_GZIP`Files.newInputStream(sourceFile.toPath())`false`NO_USER_METADATA`NO_ENC`NO_ENC_KEY`null`emptyList()`Owner.DEFAULT_OWNER);" is 219.,261
S3Mock,com.adobe.testing.s3mock.store,ObjectStoreTest,testStoreAndGetRetentionOnExistingObject,Long Statement,The length of the statement "objectStore.storeS3ObjectMetadata(metadataFrom(TEST_BUCKET_NAME)`id`name`TEXT_PLAIN`ENCODING_GZIP`Files.newInputStream(sourceFile.toPath())`false`NO_USER_METADATA`NO_ENC`NO_ENC_KEY`null`emptyList()`Owner.DEFAULT_OWNER);" is 219.,285
S3Mock,com.adobe.testing.s3mock.store,ObjectStoreTest,testStoreAndGetLegalHoldOnExistingObject,Long Statement,The length of the statement "objectStore.storeS3ObjectMetadata(metadataFrom(TEST_BUCKET_NAME)`id`name`TEXT_PLAIN`ENCODING_GZIP`Files.newInputStream(sourceFile.toPath())`false`NO_USER_METADATA`NO_ENC`NO_ENC_KEY`null`emptyList()`Owner.DEFAULT_OWNER);" is 219.,309
S3Mock,com.adobe.testing.s3mock.store,ObjectStoreTest,testStoreAndCopyObject,Long Statement,The length of the statement "objectStore.storeS3ObjectMetadata(metadataFrom(sourceBucketName)`sourceId`sourceObjectName`TEXT_PLAIN`ENCODING_GZIP`Files.newInputStream(sourceFile.toPath())`false`NO_USER_METADATA`NO_ENC`NO_ENC_KEY`null`emptyList()`Owner.DEFAULT_OWNER);" is 237.,330
S3Mock,com.adobe.testing.s3mock.store,ObjectStoreTest,testStoreAndCopyObject,Long Statement,The length of the statement "objectStore.copyS3Object(metadataFrom(sourceBucketName)`sourceId`metadataFrom(destinationBucketName)`destinationId`destinationObjectName`NO_ENC`NO_ENC_KEY`NO_USER_METADATA);" is 173.,330
S3Mock,com.adobe.testing.s3mock.store,ObjectStoreTest,testStoreAndCopyObject,Long Statement,The length of the statement "assertThat(contentOf(sourceFile`UTF_8)).as("Files should be equal!").isEqualTo(contentOf(copiedObject.getDataPath().toFile()`UTF_8));" is 133.,330
S3Mock,com.adobe.testing.s3mock.store,ObjectStoreTest,testStoreAndCopyObjectEncrypted,Long Statement,The length of the statement "objectStore.storeS3ObjectMetadata(metadataFrom(sourceBucketName)`sourceId`sourceObjectName`TEXT_PLAIN`ENCODING_GZIP`Files.newInputStream(path)`false`NO_USER_METADATA`NO_ENC`NO_ENC_KEY`null`emptyList()`Owner.DEFAULT_OWNER);" is 222.,356
S3Mock,com.adobe.testing.s3mock.store,ObjectStoreTest,testStoreAndCopyObjectEncrypted,Long Statement,The length of the statement "objectStore.copyS3Object(metadataFrom(sourceBucketName)`sourceId`metadataFrom(destinationBucketName)`destinationId`destinationObjectName`TEST_ENC_TYPE`TEST_ENC_KEY`NO_USER_METADATA);" is 182.,356
S3Mock,com.adobe.testing.s3mock.store,ObjectStoreTest,testStoreAndCopyObjectEncrypted,Long Statement,The length of the statement "assertThat(copiedObject.getSize()).as("Files should have the same length").isEqualTo(String.valueOf(sourceFile.length()));" is 122.,356
S3Mock,com.adobe.testing.s3mock.store,ObjectStoreTest,testStoreAndDeleteObject,Long Statement,The length of the statement "objectStore.storeS3ObjectMetadata(metadataFrom(TEST_BUCKET_NAME)`id`objectName`TEXT_PLAIN`ENCODING_GZIP`Files.newInputStream(sourceFile.toPath())`false`NO_USER_METADATA`NO_ENC`NO_ENC_KEY`null`emptyList()`Owner.DEFAULT_OWNER);" is 225.,391
S3Mock,com.adobe.testing.s3mock.store,ObjectStoreTest,testStoreAndRetrieveAcl,Long Statement,The length of the statement "objectStore.storeS3ObjectMetadata(metadataFrom(TEST_BUCKET_NAME)`id`objectName`TEXT_PLAIN`ENCODING_GZIP`Files.newInputStream(sourceFile.toPath())`false`NO_USER_METADATA`NO_ENC`NO_ENC_KEY`null`emptyList()`Owner.DEFAULT_OWNER);" is 225.,409
S3Mock,com.adobe.testing.s3mock.store,StoresWithExistingFileRootTest,testObjectStoreWithExistingRoot,Long Statement,The length of the statement "objectStore.storeS3ObjectMetadata(bucketMetadata`id`name`TEXT_PLAIN`ENCODING_GZIP`Files.newInputStream(path)`false`emptyMap()`null`null`null`emptyList()`Owner.DEFAULT_OWNER);" is 174.,75
S3Mock,com.adobe.testing.s3mock.store,StoresWithExistingFileRootTest,testObjectStoreWithExistingRoot,Long Statement,The length of the statement "assertThatThrownBy(() -> testObjectStore.getS3ObjectMetadata(bucketMetadata`id)).isInstanceOf(NullPointerException.class);" is 122.,75
S3Mock,com.adobe.testing.s3mock.util,AwsChunkedDecodingInputStream,read,Magic Number,The method contains a magic number: 16,71
S3Mock,com.adobe.testing.s3mock.util,AwsChunkedDecodingInputStream,readUntil,Magic Number,The method contains a magic number: 0xFF,99
S3Mock,com.adobe.testing.s3mock.util,HeaderUtil,getUserMetadata,Long Statement,The length of the statement "return headers.keySet().stream().filter(header -> header.startsWith(HEADER_X_AMZ_META_PREFIX) && headers.getFirst(header) != null).collect(Collectors.toMap(header -> header.substring(HEADER_X_AMZ_META_PREFIX.length())`headers::getFirst));" is 238.,60
S3Mock,com.adobe.testing.s3mock.util,HeaderUtil,isV4ChunkedWithSigningEnabled,Long Identifier,The length of the field STREAMING_AWS_4_HMAC_SHA_256_PAYLOAD is 36.,93
S3Mock,com.adobe.testing.s3mock.util,HeaderUtil,mapHeaderName,Long Identifier,The length of the field RESPONSE_HEADER_CONTENT_DISPOSITION is 35.,122
S3Mock,com.adobe.testing.s3mock.util,HeaderUtil,mapHeaderName,Long Identifier,The length of the field RESPONSE_HEADER_CONTENT_ENCODING is 32.,122
S3Mock,com.adobe.testing.s3mock.util,HeaderUtil,mapHeaderName,Long Identifier,The length of the field RESPONSE_HEADER_CONTENT_LANGUAGE is 32.,122
S3Mock,com.adobe.testing.s3mock.util,XmlUtil,deserializeJaxb,Long Statement,The length of the statement "return deserializeJaxb(AccessControlPolicy.class`toDeserialize`AccessControlPolicy.class`Grantee.CanonicalUser.class`Grantee.Group.class`Grantee.AmazonCustomerByEmail.class);" is 174.,36
S3Mock,com.adobe.testing.s3mock.util,XmlUtil,serializeJaxb,Long Statement,The length of the statement "return serializeJaxb(toSerialize`AccessControlPolicy.class`Grantee.CanonicalUser.class`Grantee.Group.class`Grantee.AmazonCustomerByEmail.class);" is 144.,56
S3Mock,com.adobe.testing.s3mock.util,RangeTest,convertsValidRange,Magic Number,The method contains a magic number: 10L,27
S3Mock,com.adobe.testing.s3mock.util,RangeTest,convertsValidRange,Magic Number,The method contains a magic number: 35L,27
S3Mock,com.adobe.testing.s3mock.util,RangeTest,convertRangeWithRangeEndUndefined,Magic Number,The method contains a magic number: 10L,36
S3Mock,com.adobe.testing.s3mock.testsupport.common,S3MockStarter,createS3ClientV2,Long Statement,The length of the statement "return S3Client.builder().region(Region.of("us-east-1")).credentialsProvider(StaticCredentialsProvider.create(AwsBasicCredentials.create("foo"`"bar"))).endpointOverride(URI.create(getServiceEndpoint())).httpClient(UrlConnectionHttpClient.builder().buildWithDefaults(AttributeMap.builder().put(TRUST_ALL_CERTIFICATES`Boolean.TRUE).build())).build();" is 348.,71
S3Mock,com.adobe.testing.s3mock.testsupport.common,S3MockStarter,createS3Client,Long Statement,The length of the statement "return AmazonS3ClientBuilder.standard().withCredentials(new AWSStaticCredentialsProvider(credentials)).withClientConfiguration(configureClientToIgnoreInvalidSslCertificates(new ClientConfiguration())).withEndpointConfiguration(getEndpointConfiguration(region)).enablePathStyleAccess().build();" is 293.,99
S3Mock,com.adobe.testing.s3mock.testsupport.common,S3MockStarter,configureClientToIgnoreInvalidSslCertificates,Long Statement,The length of the statement "clientConfiguration.getApacheHttpClientConfig().withSslSocketFactory(new SSLConnectionSocketFactory(createBlindlyTrustingSslContext()`NoopHostnameVerifier.INSTANCE));" is 166.,136
S3Mock,com.adobe.testing.s3mock.junit5,S3MockExtension,supportsParameter,Long Statement,The length of the statement "return paramHasType(parameterContext`S3MockApplication.class) || paramHasType(parameterContext`AmazonS3.class) || paramHasType(parameterContext`S3Client.class);" is 160.,99
S3Mock,com.adobe.testing.s3mock.junit5.sdk1,CustomCertificateTest,connectWithCustomSSLContext,Long Statement,The length of the statement "AmazonS3 s3=AmazonS3ClientBuilder.standard().withCredentials(new AWSStaticCredentialsProvider(new BasicAWSCredentials("foo"`"bar"))).withClientConfiguration(createClientConfiguration(KEYSTORE_FILE_NAME)).withEndpointConfiguration(new AwsClientBuilder.EndpointConfiguration("https://localhost:" + s3mock.getPort()`"us-west-1")).enablePathStyleAccess().build();" is 359.,56
S3Mock,com.adobe.testing.s3mock.junit5.sdk1,CustomCertificateTest,connectWithCustomSSLContext,Long Statement,The length of the statement "Assertions.assertFalse(s3.doesBucketExistV2(bucketName)`() -> "Bucket " + bucketName + " must not be present at the mock server");" is 130.,56
S3Mock,com.adobe.testing.s3mock.junit5.sdk1,CustomCertificateTest,createClientConfiguration,Long Statement,The length of the statement "clientConfiguration.getApacheHttpClientConfig().setSslSocketFactory(new SSLConnectionSocketFactory(createSslContext(keystoreFileName)));" is 136.,85
S3Mock,com.adobe.testing.s3mock.junit5.sdk2,S3MockExtensionDeclarativeTest,shouldUploadAndDownloadObject,Long Statement,The length of the statement "s3Client.putObject(PutObjectRequest.builder().bucket(BUCKET_NAME).key(uploadFile.getName()).build()`RequestBody.fromFile(uploadFile));" is 134.,47
S3Mock,com.adobe.testing.s3mock.junit5.sdk2,S3MockExtensionDeclarativeTest,shouldUploadAndDownloadObject,Long Statement,The length of the statement "final ResponseInputStream<GetObjectResponse> response=s3Client.getObject(GetObjectRequest.builder().bucket(BUCKET_NAME).key(uploadFile.getName()).build());" is 155.,47
S3Mock,com.adobe.testing.s3mock.junit5.sdk2,S3MockExtensionProgrammaticTest,shouldUploadAndDownloadObject,Long Statement,The length of the statement "s3Client.putObject(PutObjectRequest.builder().bucket(BUCKET_NAME).key(uploadFile.getName()).build()`RequestBody.fromFile(uploadFile));" is 134.,51
S3Mock,com.adobe.testing.s3mock.junit5.sdk2,S3MockExtensionProgrammaticTest,shouldUploadAndDownloadObject,Long Statement,The length of the statement "final ResponseInputStream<GetObjectResponse> response=s3Client.getObject(GetObjectRequest.builder().bucket(BUCKET_NAME).key(uploadFile.getName()).build());" is 155.,51
S3Mock,com.adobe.testing.s3mock.testcontainers,S3MockContainer,S3MockContainer,Magic Number,The method contains a magic number: 200,41
S3Mock,com.adobe.testing.s3mock.testcontainers,S3MockContainerManualTest,setUp,Long Statement,The length of the statement "s3Mock=new S3MockContainer(S3MOCK_VERSION).withValidKmsKeys(TEST_ENC_KEYREF).withInitialBuckets(String.join("`"`INITIAL_BUCKET_NAMES));" is 135.,29
S3Mock,com.adobe.testing.s3mock.testcontainers,S3MockContainerTestBase,shouldUploadAndDownloadObject,Long Statement,The length of the statement "s3Client.putObject(PutObjectRequest.builder().bucket(BUCKET_NAME).key(uploadFile.getName()).build()`RequestBody.fromFile(uploadFile));" is 134.,62
S3Mock,com.adobe.testing.s3mock.testcontainers,S3MockContainerTestBase,shouldUploadAndDownloadObject,Long Statement,The length of the statement "final ResponseInputStream<GetObjectResponse> response=s3Client.getObject(GetObjectRequest.builder().bucket(BUCKET_NAME).key(uploadFile.getName()).build());" is 155.,62
S3Mock,com.adobe.testing.s3mock.testcontainers,S3MockContainerTestBase,defaultBucketsGotCreated,Long Statement,The length of the statement "final Set<String> bucketNames=buckets.stream().map(Bucket::name).filter(INITIAL_BUCKET_NAMES::contains).collect(Collectors.toSet());" is 132.,90
S3Mock,com.adobe.testing.s3mock.testcontainers,S3MockContainerTestBase,createS3ClientV2,Long Statement,The length of the statement "return S3Client.builder().region(Region.of("us-east-1")).credentialsProvider(StaticCredentialsProvider.create(AwsBasicCredentials.create("foo"`"bar"))).endpointOverride(URI.create(endpoint)).httpClient(UrlConnectionHttpClient.builder().buildWithDefaults(AttributeMap.builder().put(TRUST_ALL_CERTIFICATES`Boolean.TRUE).build())).build();" is 336.,103
