Project Name,Package Name,Type Name,Method Name,LOC,CC,PC,Line no,IsTest,Main prod class tested,Production classes tested
S3Mock,com.adobe.testing.s3mock.its,AmazonClientUploadIT,shouldCreateBucketAndListAllBuckets,12,1,0,91,1,,
S3Mock,com.adobe.testing.s3mock.its,AmazonClientUploadIT,defaultBucketsGotCreated,5,1,0,117,1,,
S3Mock,com.adobe.testing.s3mock.its,AmazonClientUploadIT,putObjectWhereKeyContainsPathFragments,7,1,0,130,1,,
S3Mock,com.adobe.testing.s3mock.its,AmazonClientUploadIT,shouldUploadAndListV2Objects,15,2,0,144,1,,
S3Mock,com.adobe.testing.s3mock.its,AmazonClientUploadIT,shouldUploadAndDownloadObject,8,1,2,173,0,,
S3Mock,com.adobe.testing.s3mock.its,AmazonClientUploadIT,shouldTolerateWeirdCharactersInObjectKey,9,1,0,200,1,,
S3Mock,com.adobe.testing.s3mock.its,AmazonClientUploadIT,verifyObjectContent,8,1,2,222,0,,
S3Mock,com.adobe.testing.s3mock.its,AmazonClientUploadIT,shouldListWithCorrectObjectNames,12,1,0,234,1,,
S3Mock,com.adobe.testing.s3mock.its,AmazonClientUploadIT,shouldListV2WithCorrectObjectNames,16,1,0,258,1,,
S3Mock,com.adobe.testing.s3mock.its,AmazonClientUploadIT,shouldHonorEncodingType,10,1,0,287,1,,
S3Mock,com.adobe.testing.s3mock.its,AmazonClientUploadIT,shouldHonorEncodingTypeV2,12,1,0,315,1,,
S3Mock,com.adobe.testing.s3mock.its,AmazonClientUploadIT,shouldUploadAndDownloadStream,20,1,0,340,1,,
S3Mock,com.adobe.testing.s3mock.its,AmazonClientUploadIT,shouldUploadWithEncryption,14,1,0,380,1,,
S3Mock,com.adobe.testing.s3mock.its,AmazonClientUploadIT,shouldNotUploadWithWrongEncryptionKey,7,1,0,408,1,,
S3Mock,com.adobe.testing.s3mock.its,AmazonClientUploadIT,shouldNotUploadStreamingWithWrongEncryptionKey,11,1,0,424,1,,
S3Mock,com.adobe.testing.s3mock.its,AmazonClientUploadIT,shouldCopyObject,15,1,0,444,1,,
S3Mock,com.adobe.testing.s3mock.its,AmazonClientUploadIT,shouldCopyObjectWithNewUserMetadata,19,1,0,475,1,,
S3Mock,com.adobe.testing.s3mock.its,AmazonClientUploadIT,shouldCopyObjectWithSourceUserMetadata,20,1,0,514,1,,
S3Mock,com.adobe.testing.s3mock.its,AmazonClientUploadIT,shouldCopyObjectToKeyNeedingEscaping,15,1,0,555,1,,
S3Mock,com.adobe.testing.s3mock.its,AmazonClientUploadIT,shouldCopyObjectFromKeyNeedingEscaping,15,1,0,586,1,,
S3Mock,com.adobe.testing.s3mock.its,AmazonClientUploadIT,shouldCopyObjectEncrypted,17,1,0,617,1,,
S3Mock,com.adobe.testing.s3mock.its,AmazonClientUploadIT,shouldNotObjectCopyWithWrongEncryptionKey,12,1,0,650,1,,
S3Mock,com.adobe.testing.s3mock.its,AmazonClientUploadIT,bucketShouldExist,5,1,0,674,1,,
S3Mock,com.adobe.testing.s3mock.its,AmazonClientUploadIT,bucketShouldNotExist,4,1,0,688,1,,
S3Mock,com.adobe.testing.s3mock.its,AmazonClientUploadIT,shouldGetObjectMetadata,14,1,0,700,1,,
S3Mock,com.adobe.testing.s3mock.its,AmazonClientUploadIT,shouldDeleteObject,7,1,0,731,1,,
S3Mock,com.adobe.testing.s3mock.its,AmazonClientUploadIT,shouldBatchDeleteObjects,24,1,0,747,1,,
S3Mock,com.adobe.testing.s3mock.its,AmazonClientUploadIT,shouldDeleteBucket,6,1,0,788,1,,
S3Mock,com.adobe.testing.s3mock.its,AmazonClientUploadIT,shouldNotDeleteNonEmptyBucket,6,1,0,800,1,,
S3Mock,com.adobe.testing.s3mock.its,AmazonClientUploadIT,shouldGetObjectListing,8,1,0,815,1,,
S3Mock,com.adobe.testing.s3mock.its,AmazonClientUploadIT,shouldUploadInParallel,10,1,0,836,1,,
S3Mock,com.adobe.testing.s3mock.its,AmazonClientUploadIT,checkRangeDownloads,15,1,0,858,1,,
S3Mock,com.adobe.testing.s3mock.its,AmazonClientUploadIT,multipartCopy,18,1,0,889,1,,
S3Mock,com.adobe.testing.s3mock.its,AmazonClientUploadIT,shouldAddAndRetrieveTags,17,1,0,926,1,,
S3Mock,com.adobe.testing.s3mock.its,AmazonClientUploadIT,canAddTagsOnPutObject,13,1,0,963,1,,
S3Mock,com.adobe.testing.s3mock.its,AmazonClientUploadIT,shouldCreateAndRespectEtag,26,1,0,996,1,,
S3Mock,com.adobe.testing.s3mock.its,AmazonClientUploadIT,generatePresignedUrlWithResponseHeaderOverrides,23,1,0,1055,1,,
S3Mock,com.adobe.testing.s3mock.its,AmazonClientUploadIT,openUrlConnection,19,1,1,1096,0,,
S3Mock,com.adobe.testing.s3mock.its,AmazonClientUploadIT,getAcceptedIssuers,3,1,0,1100,0,,
S3Mock,com.adobe.testing.s3mock.its,AmazonClientUploadIT,checkClientTrusted,2,1,2,1105,0,,
S3Mock,com.adobe.testing.s3mock.its,AmazonClientUploadIT,checkServerTrusted,2,1,2,1109,0,,
S3Mock,com.adobe.testing.s3mock.its,ErrorResponsesIT,putObjectOnNonExistingBucket,4,1,0,59,1,,
S3Mock,com.adobe.testing.s3mock.its,ErrorResponsesIT,putObjectEncryptedOnNonExistingBucket,6,1,0,73,1,,
S3Mock,com.adobe.testing.s3mock.its,ErrorResponsesIT,copyObjectToNonExistingDestinationBucket,10,1,0,91,1,,
S3Mock,com.adobe.testing.s3mock.its,ErrorResponsesIT,copyObjectEncryptedToNonExistingDestinationBucket,11,1,0,113,1,,
S3Mock,com.adobe.testing.s3mock.its,ErrorResponsesIT,getObjectMetadataWithNonExistingBucket,8,1,0,137,1,,
S3Mock,com.adobe.testing.s3mock.its,ErrorResponsesIT,getNonExistingObject,5,1,0,155,1,,
S3Mock,com.adobe.testing.s3mock.its,ErrorResponsesIT,deleteFromNonExistingBucket,6,1,0,168,1,,
S3Mock,com.adobe.testing.s3mock.its,ErrorResponsesIT,deleteNonExistingObject,4,1,0,182,1,,
S3Mock,com.adobe.testing.s3mock.its,ErrorResponsesIT,batchDeleteObjectsFromNonExistingBucket,10,1,0,193,1,,
S3Mock,com.adobe.testing.s3mock.its,ErrorResponsesIT,deleteNonExistingBucket,3,1,0,217,1,,
S3Mock,com.adobe.testing.s3mock.its,ErrorResponsesIT,listObjectsFromNonExistingBucket,3,1,0,227,1,,
S3Mock,com.adobe.testing.s3mock.its,ErrorResponsesIT,uploadParallelToNonExistingBucket,10,1,0,237,1,,
S3Mock,com.adobe.testing.s3mock.its,ErrorResponsesIT,multipartUploadsToNonExistingBucket,3,1,0,257,1,,
S3Mock,com.adobe.testing.s3mock.its,ErrorResponsesIT,listMultipartUploadsFromNonExistingBucket,5,1,0,268,1,,
S3Mock,com.adobe.testing.s3mock.its,ErrorResponsesIT,abortMultipartUploadInNonExistingBucket,7,1,0,283,1,,
S3Mock,com.adobe.testing.s3mock.its,ErrorResponsesIT,uploadMultipartWithInvalidPartNumber,9,1,0,303,1,,
S3Mock,com.adobe.testing.s3mock.its,ErrorResponsesIT,completeMultipartUploadWithNonExistingPartNumber,11,1,0,329,1,,
S3Mock,com.adobe.testing.s3mock.its,ErrorResponsesIT,rangeDownloadsFromNonExistingBucket,9,1,0,362,1,,
S3Mock,com.adobe.testing.s3mock.its,ErrorResponsesIT,rangeDownloadsFromNonExistingObject,9,1,0,387,1,,
S3Mock,com.adobe.testing.s3mock.its,ErrorResponsesIT,multipartCopyToNonExistingBucket,14,1,0,412,1,,
S3Mock,com.adobe.testing.s3mock.its,ErrorResponsesIT,multipartCopyNonExistingObject,15,1,0,444,1,,
S3Mock,com.adobe.testing.s3mock.its,ErrorResponsesV2IT,getNonExistingObject,5,1,0,30,1,,
S3Mock,com.adobe.testing.s3mock.its,EtagInputStream,EtagInputStream,4,1,2,40,0,,
S3Mock,com.adobe.testing.s3mock.its,EtagInputStream,getEtag,10,3,0,51,0,,
S3Mock,com.adobe.testing.s3mock.its,EtagInputStream,read,15,3,3,67,0,,
S3Mock,com.adobe.testing.s3mock.its,EtagInputStream,close,4,1,0,85,0,,
S3Mock,com.adobe.testing.s3mock.its,ListObjectIT,param,3,1,3,100,0,,
S3Mock,com.adobe.testing.s3mock.its,ListObjectIT,data,3,1,0,104,0,com.adobe.testing.s3mock.its.ListObjectIT,com.adobe.testing.s3mock.its.ListObjectIT
S3Mock,com.adobe.testing.s3mock.its,ListObjectIT,initializeTestBucket,7,2,0,132,0,,
S3Mock,com.adobe.testing.s3mock.its,ListObjectIT,listV1,13,2,1,150,0,,
S3Mock,com.adobe.testing.s3mock.its,ListObjectIT,listV2,8,1,1,186,0,,
S3Mock,com.adobe.testing.s3mock.its,ListObjectV1MaxKeysIT,prepareS3Client,6,1,0,30,0,,
S3Mock,com.adobe.testing.s3mock.its,ListObjectV1MaxKeysIT,returnsLimitedAmountOfObjectsBasedOnMaxKeys,6,1,0,39,1,,
S3Mock,com.adobe.testing.s3mock.its,ListObjectV1MaxKeysIT,returnsAllObjectsIfMaxKeysIsDefault,6,1,0,49,1,,
S3Mock,com.adobe.testing.s3mock.its,ListObjectV1MaxKeysIT,returnsAllObjectsIfMaxKeysEqualToAmountOfObjects,6,1,0,58,1,,
S3Mock,com.adobe.testing.s3mock.its,ListObjectV1MaxKeysIT,returnsAllObjectsIfMaxKeysMoreThanAmountOfObjects,6,1,0,68,1,,
S3Mock,com.adobe.testing.s3mock.its,ListObjectV1MaxKeysIT,returnsEmptyListIfMaxKeysIsZero,6,1,0,78,1,,
S3Mock,com.adobe.testing.s3mock.its,ListObjectV1MaxKeysIT,returnsAllObjectsIfMaxKeysIsNegative,6,1,0,88,1,,
S3Mock,com.adobe.testing.s3mock.its,ListObjectV1PaginationIT,prepareS3Client,6,1,0,30,0,,
S3Mock,com.adobe.testing.s3mock.its,ListObjectV1PaginationIT,shouldTruncateAndReturnNextMarker,12,1,0,39,1,,
S3Mock,com.adobe.testing.s3mock.its,MultiPartUploadIT,shouldPassUserMetadataWithMultipartUploads,13,1,0,62,1,,
S3Mock,com.adobe.testing.s3mock.its,MultiPartUploadIT,shouldInitiateMultipartAndRetrieveParts,18,1,0,104,1,,
S3Mock,com.adobe.testing.s3mock.its,MultiPartUploadIT,shouldListMultipartUploads,13,1,0,145,1,,
S3Mock,com.adobe.testing.s3mock.its,MultiPartUploadIT,shouldListMultipartUploadsWithPrefix,10,1,0,169,1,,
S3Mock,com.adobe.testing.s3mock.its,MultiPartUploadIT,shouldAbortMultipartUpload,9,1,0,190,1,,
S3Mock,com.adobe.testing.s3mock.its,MultiPartUploadIT,shouldAdherePartsInCompleteMultipartUploadRequest,22,1,0,214,1,,
S3Mock,com.adobe.testing.s3mock.its,MultiPartUploadIT,shouldCopyObjectPart,25,1,0,288,1,,
S3Mock,com.adobe.testing.s3mock.its,MultiPartUploadIT,getUploadPartRequest,3,1,2,332,0,,
S3Mock,com.adobe.testing.s3mock.its,MultiPartUploadIT,createRandomBytes,6,1,0,339,0,,
S3Mock,com.adobe.testing.s3mock.its,MultiPartUploadIT,readStreamIntoByteArray,12,2,1,346,0,,
S3Mock,com.adobe.testing.s3mock.its,MultiPartUploadIT,concatByteArrays,6,1,2,361,0,,
S3Mock,com.adobe.testing.s3mock.its,PlainHttpIT,setupHttpClient,3,1,0,64,0,,
S3Mock,com.adobe.testing.s3mock.its,PlainHttpIT,shutdownHttpClient,3,1,0,69,0,,
S3Mock,com.adobe.testing.s3mock.its,PlainHttpIT,putObjectReturns200,7,1,0,74,1,,
S3Mock,com.adobe.testing.s3mock.its,PlainHttpIT,putObjectEncryptedWithAbsentKeyRef,8,1,0,85,1,,
S3Mock,com.adobe.testing.s3mock.its,PlainHttpIT,listWithPrefixAndMissingSlash,7,1,0,97,1,,
S3Mock,com.adobe.testing.s3mock.its,PlainHttpIT,getObjectUsesApplicationXmlContentType,5,1,0,110,1,,
S3Mock,com.adobe.testing.s3mock.its,PlainHttpIT,listBucketsUsesApplicationXmlContentType,5,1,0,118,1,,
S3Mock,com.adobe.testing.s3mock.its,PlainHttpIT,batchDeleteUsesApplicationXmlContentType,6,1,0,126,1,,
S3Mock,com.adobe.testing.s3mock.its,PlainHttpIT,completeMultipartUsesApplicationXmlContentType,10,1,0,139,1,,
S3Mock,com.adobe.testing.s3mock.its,PlainHttpIT,putObjectWithSpecialCharactersInTheName,9,1,0,173,1,,
S3Mock,com.adobe.testing.s3mock.its,PlainHttpIT,deleteNonExistingObjectReturns204,6,1,0,193,1,,
S3Mock,com.adobe.testing.s3mock.its,PlainHttpIT,batchDeleteObjects,7,1,0,204,1,,
S3Mock,com.adobe.testing.s3mock.its,PlainHttpIT,headObjectWithUnknownContentType,12,1,0,219,1,,
S3Mock,com.adobe.testing.s3mock.its,PlainHttpIT,assertApplicationXmlContentType,4,1,1,240,0,,
S3Mock,com.adobe.testing.s3mock.its,S3TestBase,prepareS3Client,4,1,0,84,0,com.adobe.testing.s3mock.its.S3TestBase,com.adobe.testing.s3mock.its.S3TestBase
S3Mock,com.adobe.testing.s3mock.its,S3TestBase,defaultTestAmazonS3ClientBuilder,3,1,0,94,0,com.adobe.testing.s3mock.its.S3TestBase,com.adobe.testing.s3mock.its.S3TestBase
S3Mock,com.adobe.testing.s3mock.its,S3TestBase,getServiceEndpoint,3,1,0,103,0,com.adobe.testing.s3mock.its.S3TestBase,com.adobe.testing.s3mock.its.S3TestBase
S3Mock,com.adobe.testing.s3mock.its,S3TestBase,createS3ClientV2,3,1,0,107,0,com.adobe.testing.s3mock.its.S3TestBase,com.adobe.testing.s3mock.its.S3TestBase
S3Mock,com.adobe.testing.s3mock.its,S3TestBase,cleanupFilestore,9,3,0,118,0,,
S3Mock,com.adobe.testing.s3mock.its,S3TestBase,getHost,3,1,0,136,0,,
S3Mock,com.adobe.testing.s3mock.its,S3TestBase,getPort,3,1,0,140,0,,
S3Mock,com.adobe.testing.s3mock.its,S3TestBase,getHttpPort,3,1,0,144,0,,
S3Mock,com.adobe.testing.s3mock.its,S3TestBase,ignoringInvalidSslCertificates,4,1,1,148,0,com.adobe.testing.s3mock.its.S3TestBase,com.adobe.testing.s3mock.its.S3TestBase
S3Mock,com.adobe.testing.s3mock.its,S3TestBase,createBlindlyTrustingSslContext,27,1,0,159,0,,
S3Mock,com.adobe.testing.s3mock.its,S3TestBase,getAcceptedIssuers,3,1,0,164,0,,
S3Mock,com.adobe.testing.s3mock.its,S3TestBase,checkClientTrusted,2,1,2,169,0,,
S3Mock,com.adobe.testing.s3mock.its,S3TestBase,checkClientTrusted,2,1,3,174,0,,
S3Mock,com.adobe.testing.s3mock.its,S3TestBase,checkClientTrusted,2,1,3,180,0,,
S3Mock,com.adobe.testing.s3mock.its,S3TestBase,checkServerTrusted,2,1,3,186,0,,
S3Mock,com.adobe.testing.s3mock.its,S3TestBase,checkServerTrusted,2,1,3,192,0,,
S3Mock,com.adobe.testing.s3mock.its,S3TestBase,checkServerTrusted,2,1,2,198,0,,
S3Mock,com.adobe.testing.s3mock.its,S3TestBase,createDefaultTransferManager,3,1,0,212,0,com.adobe.testing.s3mock.its.S3TestBase,com.adobe.testing.s3mock.its.S3TestBase
S3Mock,com.adobe.testing.s3mock.its,S3TestBase,createTransferManager,12,1,4,216,0,,
S3Mock,com.adobe.testing.s3mock.its,S3TestBase,newThread,5,1,1,223,0,,
S3Mock,com.adobe.testing.s3mock.its,S3TestBase,randomInputStream,5,1,1,242,0,,
S3Mock,com.adobe.testing.s3mock.domain,Bucket,Bucket,5,1,3,37,0,,
S3Mock,com.adobe.testing.s3mock.domain,Bucket,getCreationDate,3,1,0,50,0,,
S3Mock,com.adobe.testing.s3mock.domain,Bucket,setCreationDate,3,1,1,54,0,,
S3Mock,com.adobe.testing.s3mock.domain,Bucket,getName,3,1,0,58,0,,
S3Mock,com.adobe.testing.s3mock.domain,Bucket,setName,3,1,1,62,0,,
S3Mock,com.adobe.testing.s3mock.domain,Bucket,getPath,3,1,0,66,0,,
S3Mock,com.adobe.testing.s3mock.domain,Bucket,setPath,3,1,1,70,0,,
S3Mock,com.adobe.testing.s3mock.domain,BucketContents,BucketContents,2,1,0,49,0,,
S3Mock,com.adobe.testing.s3mock.domain,BucketContents,BucketContents,8,1,6,56,0,,
S3Mock,com.adobe.testing.s3mock.domain,BucketContents,getKey,3,1,0,80,0,,
S3Mock,com.adobe.testing.s3mock.domain,BucketContents,getLastModified,3,1,0,85,0,,
S3Mock,com.adobe.testing.s3mock.domain,BucketContents,getEtag,3,1,0,90,0,,
S3Mock,com.adobe.testing.s3mock.domain,BucketContents,getSize,3,1,0,95,0,,
S3Mock,com.adobe.testing.s3mock.domain,BucketContents,getStorageClass,3,1,0,100,0,,
S3Mock,com.adobe.testing.s3mock.domain,BucketContents,getOwner,3,1,0,105,0,,
S3Mock,com.adobe.testing.s3mock.domain,Buckets,getBuckets,3,1,0,34,0,,
S3Mock,com.adobe.testing.s3mock.domain,Buckets,setBuckets,3,1,1,38,0,,
S3Mock,com.adobe.testing.s3mock.domain,FileStore,FileStore,4,1,1,98,0,com.adobe.testing.s3mock.domain.FileStore,com.adobe.testing.s3mock.domain.FileStore
S3Mock,com.adobe.testing.s3mock.domain,FileStore,createRootFolder,12,2,1,108,0,,
S3Mock,com.adobe.testing.s3mock.domain,FileStore,createBucket,6,1,1,122,0,com.adobe.testing.s3mock.domain.FileStore,com.adobe.testing.s3mock.domain.FileStore
S3Mock,com.adobe.testing.s3mock.domain,FileStore,listBuckets,4,1,0,139,0,,
S3Mock,com.adobe.testing.s3mock.domain,FileStore,getBucket,5,1,1,150,0,,
S3Mock,com.adobe.testing.s3mock.domain,FileStore,findBucketsByFilter,12,2,1,165,0,com.adobe.testing.s3mock.domain.FileStore,com.adobe.testing.s3mock.domain.FileStore
S3Mock,com.adobe.testing.s3mock.domain,FileStore,bucketFromPath,12,1,1,186,0,,
S3Mock,com.adobe.testing.s3mock.domain,FileStore,putS3Object,3,1,6,202,0,com.adobe.testing.s3mock.domain.FileStore,com.adobe.testing.s3mock.domain.FileStore
S3Mock,com.adobe.testing.s3mock.domain,FileStore,putS3Object,3,1,7,228,0,com.adobe.testing.s3mock.domain.FileStore,com.adobe.testing.s3mock.domain.FileStore
S3Mock,com.adobe.testing.s3mock.domain,FileStore,putS3Object,26,1,9,257,0,com.adobe.testing.s3mock.domain.FileStore,com.adobe.testing.s3mock.domain.FileStore
S3Mock,com.adobe.testing.s3mock.domain,FileStore,putS3ObjectWithKMSEncryption,3,1,7,322,0,com.adobe.testing.s3mock.domain.FileStore,com.adobe.testing.s3mock.domain.FileStore
S3Mock,com.adobe.testing.s3mock.domain,FileStore,putS3ObjectWithKMSEncryption,3,1,8,349,0,com.adobe.testing.s3mock.domain.FileStore,com.adobe.testing.s3mock.domain.FileStore
S3Mock,com.adobe.testing.s3mock.domain,FileStore,wrapStream,10,2,2,379,0,,
S3Mock,com.adobe.testing.s3mock.domain,FileStore,setObjectTags,7,1,3,391,0,com.adobe.testing.s3mock.domain.FileStore,com.adobe.testing.s3mock.domain.FileStore
S3Mock,com.adobe.testing.s3mock.domain,FileStore,getBucketOrCreateNewOne,7,2,1,413,0,com.adobe.testing.s3mock.domain.FileStore,com.adobe.testing.s3mock.domain.FileStore
S3Mock,com.adobe.testing.s3mock.domain,FileStore,createObjectRootFolder,7,1,2,430,0,,
S3Mock,com.adobe.testing.s3mock.domain,FileStore,inputStreamToFile,38,5,2,446,0,,
S3Mock,com.adobe.testing.s3mock.domain,FileStore,normalizePrefix,8,2,2,492,0,,
S3Mock,com.adobe.testing.s3mock.domain,FileStore,getS3Object,17,2,2,511,0,com.adobe.testing.s3mock.domain.FileStore,com.adobe.testing.s3mock.domain.FileStore
S3Mock,com.adobe.testing.s3mock.domain,FileStore,getS3Objects,14,3,2,540,0,com.adobe.testing.s3mock.domain.FileStore,com.adobe.testing.s3mock.domain.FileStore
S3Mock,com.adobe.testing.s3mock.domain,FileStore,copyS3Object,3,1,4,580,0,com.adobe.testing.s3mock.domain.FileStore,com.adobe.testing.s3mock.domain.FileStore
S3Mock,com.adobe.testing.s3mock.domain,FileStore,copyS3Object,3,1,5,601,0,com.adobe.testing.s3mock.domain.FileStore,com.adobe.testing.s3mock.domain.FileStore
S3Mock,com.adobe.testing.s3mock.domain,FileStore,copyS3ObjectEncrypted,3,1,6,626,0,com.adobe.testing.s3mock.domain.FileStore,com.adobe.testing.s3mock.domain.FileStore
S3Mock,com.adobe.testing.s3mock.domain,FileStore,copyS3ObjectEncrypted,12,3,7,650,0,com.adobe.testing.s3mock.domain.FileStore,com.adobe.testing.s3mock.domain.FileStore
S3Mock,com.adobe.testing.s3mock.domain,FileStore,doesBucketExist,3,1,1,695,0,com.adobe.testing.s3mock.domain.FileStore,com.adobe.testing.s3mock.domain.FileStore
S3Mock,com.adobe.testing.s3mock.domain,FileStore,deleteObject,10,2,2,708,0,com.adobe.testing.s3mock.domain.FileStore,com.adobe.testing.s3mock.domain.FileStore
S3Mock,com.adobe.testing.s3mock.domain,FileStore,deleteBucket,10,2,1,728,0,com.adobe.testing.s3mock.domain.FileStore,com.adobe.testing.s3mock.domain.FileStore
S3Mock,com.adobe.testing.s3mock.domain,FileStore,prepareMultipartUpload,8,2,8,747,0,,
S3Mock,com.adobe.testing.s3mock.domain,FileStore,prepareMultipartUpload,3,1,7,778,0,com.adobe.testing.s3mock.domain.FileStore,com.adobe.testing.s3mock.domain.FileStore
S3Mock,com.adobe.testing.s3mock.domain,FileStore,listMultipartUploads,3,1,0,799,0,,
S3Mock,com.adobe.testing.s3mock.domain,FileStore,abortMultipartUpload,16,1,3,808,0,com.adobe.testing.s3mock.domain.FileStore,com.adobe.testing.s3mock.domain.FileStore
S3Mock,com.adobe.testing.s3mock.domain,FileStore,putPart,9,1,6,836,0,com.adobe.testing.s3mock.domain.FileStore,com.adobe.testing.s3mock.domain.FileStore
S3Mock,com.adobe.testing.s3mock.domain,FileStore,completeMultipartUpload,3,1,4,869,0,com.adobe.testing.s3mock.domain.FileStore,com.adobe.testing.s3mock.domain.FileStore
S3Mock,com.adobe.testing.s3mock.domain,FileStore,completeMultipartUpload,42,3,6,885,0,com.adobe.testing.s3mock.domain.FileStore,com.adobe.testing.s3mock.domain.FileStore
S3Mock,com.adobe.testing.s3mock.domain,FileStore,listAndSortPartsInFromDirectory,5,1,1,959,0,,
S3Mock,com.adobe.testing.s3mock.domain,FileStore,concatenateMd5sForAllParts,9,2,2,967,0,,
S3Mock,com.adobe.testing.s3mock.domain,FileStore,getMultipartUploadParts,11,2,3,989,0,com.adobe.testing.s3mock.domain.FileStore,com.adobe.testing.s3mock.domain.FileStore
S3Mock,com.adobe.testing.s3mock.domain,FileStore,retrieveFile,3,1,3,1010,0,,
S3Mock,com.adobe.testing.s3mock.domain,FileStore,arrangeSeparateParts,17,2,4,1014,0,com.adobe.testing.s3mock.domain.FileStore,com.adobe.testing.s3mock.domain.FileStore
S3Mock,com.adobe.testing.s3mock.domain,FileStore,calculateHashOfFilePart,10,1,1,1041,0,,
S3Mock,com.adobe.testing.s3mock.domain,FileStore,concatUploadIdAndPartFileName,3,1,2,1051,0,,
S3Mock,com.adobe.testing.s3mock.domain,FileStore,writeEntireFile,12,2,3,1055,0,,
S3Mock,com.adobe.testing.s3mock.domain,FileStore,synchronizedUpload,12,3,2,1069,0,,
S3Mock,com.adobe.testing.s3mock.domain,FileStore,digest,9,1,2,1095,0,,
S3Mock,com.adobe.testing.s3mock.domain,FileStore,copyPart,5,1,8,1104,0,com.adobe.testing.s3mock.domain.FileStore,com.adobe.testing.s3mock.domain.FileStore
S3Mock,com.adobe.testing.s3mock.domain,FileStore,copyPart,11,1,5,1138,0,com.adobe.testing.s3mock.domain.FileStore,com.adobe.testing.s3mock.domain.FileStore
S3Mock,com.adobe.testing.s3mock.domain,FileStore,ensurePartFile,7,2,4,1156,0,,
S3Mock,com.adobe.testing.s3mock.domain,FileStore,verifyMultipartUploadPreparation,6,2,3,1172,0,,
S3Mock,com.adobe.testing.s3mock.domain,FileStore,resolveS3Object,7,2,2,1182,0,com.adobe.testing.s3mock.domain.FileStore,com.adobe.testing.s3mock.domain.FileStore
S3Mock,com.adobe.testing.s3mock.domain,KmsKeyStore,registerKMSKeyRef,3,1,1,37,0,,
S3Mock,com.adobe.testing.s3mock.domain,KmsKeyStore,validateKeyRef,3,1,1,46,0,,
S3Mock,com.adobe.testing.s3mock.domain,KmsKeyStore,addDefaultKeys,3,1,0,57,0,,
S3Mock,com.adobe.testing.s3mock.domain,MultipartUploadInfo,MultipartUploadInfo,6,1,4,32,0,,
S3Mock,com.adobe.testing.s3mock.domain,S3Exception,S3Exception,6,1,3,30,0,,
S3Mock,com.adobe.testing.s3mock.domain,S3Exception,getStatus,3,1,0,45,0,,
S3Mock,com.adobe.testing.s3mock.domain,S3Exception,getCode,3,1,0,49,0,,
S3Mock,com.adobe.testing.s3mock.domain,S3Exception,getMessage,3,1,0,53,0,,
S3Mock,com.adobe.testing.s3mock.domain,S3Object,getName,3,1,0,58,0,,
S3Mock,com.adobe.testing.s3mock.domain,S3Object,setName,3,1,1,62,0,,
S3Mock,com.adobe.testing.s3mock.domain,S3Object,getSize,3,1,0,66,0,,
S3Mock,com.adobe.testing.s3mock.domain,S3Object,setSize,3,1,1,70,0,,
S3Mock,com.adobe.testing.s3mock.domain,S3Object,getCreationDate,3,1,0,74,0,,
S3Mock,com.adobe.testing.s3mock.domain,S3Object,setCreationDate,3,1,1,78,0,,
S3Mock,com.adobe.testing.s3mock.domain,S3Object,getModificationDate,3,1,0,82,0,,
S3Mock,com.adobe.testing.s3mock.domain,S3Object,setModificationDate,3,1,1,86,0,,
S3Mock,com.adobe.testing.s3mock.domain,S3Object,getMd5,3,1,0,90,0,,
S3Mock,com.adobe.testing.s3mock.domain,S3Object,setMd5,3,1,1,94,0,,
S3Mock,com.adobe.testing.s3mock.domain,S3Object,getContentType,3,1,0,98,0,,
S3Mock,com.adobe.testing.s3mock.domain,S3Object,setContentType,3,1,1,102,0,,
S3Mock,com.adobe.testing.s3mock.domain,S3Object,getContentEncoding,3,1,0,106,0,,
S3Mock,com.adobe.testing.s3mock.domain,S3Object,setContentEncoding,3,1,1,110,0,,
S3Mock,com.adobe.testing.s3mock.domain,S3Object,getDataFile,3,1,0,114,0,,
S3Mock,com.adobe.testing.s3mock.domain,S3Object,setDataFile,3,1,1,118,0,,
S3Mock,com.adobe.testing.s3mock.domain,S3Object,getKmsEncryption,3,1,0,122,0,,
S3Mock,com.adobe.testing.s3mock.domain,S3Object,setKmsEncryption,3,1,1,126,0,,
S3Mock,com.adobe.testing.s3mock.domain,S3Object,isEncrypted,3,1,0,130,0,,
S3Mock,com.adobe.testing.s3mock.domain,S3Object,setEncrypted,3,1,1,134,0,,
S3Mock,com.adobe.testing.s3mock.domain,S3Object,getLastModified,3,1,0,138,0,,
S3Mock,com.adobe.testing.s3mock.domain,S3Object,setLastModified,3,1,1,142,0,,
S3Mock,com.adobe.testing.s3mock.domain,S3Object,getKmsKeyId,3,1,0,146,0,,
S3Mock,com.adobe.testing.s3mock.domain,S3Object,setKmsEncryptionKeyId,3,1,1,150,0,,
S3Mock,com.adobe.testing.s3mock.domain,S3Object,getUserMetadata,3,1,0,154,0,,
S3Mock,com.adobe.testing.s3mock.domain,S3Object,setUserMetadata,3,1,1,158,0,,
S3Mock,com.adobe.testing.s3mock.domain,S3Object,setTags,3,1,1,162,0,,
S3Mock,com.adobe.testing.s3mock.domain,S3Object,getTags,3,1,0,166,0,,
S3Mock,com.adobe.testing.s3mock.domain,Tag,Tag,2,1,0,29,0,,
S3Mock,com.adobe.testing.s3mock.domain,Tag,Tag,5,1,1,32,0,,
S3Mock,com.adobe.testing.s3mock.domain,Tag,Tag,4,1,2,41,0,,
S3Mock,com.adobe.testing.s3mock.domain,Tag,getKey,3,1,0,47,0,,
S3Mock,com.adobe.testing.s3mock.domain,Tag,getValue,3,1,0,51,0,,
S3Mock,com.adobe.testing.s3mock.domain,Tag,setKey,3,1,1,55,0,,
S3Mock,com.adobe.testing.s3mock.domain,Tag,setValue,3,1,1,59,0,,
S3Mock,com.adobe.testing.s3mock.domain,Tag,equals,10,3,1,63,0,,
S3Mock,com.adobe.testing.s3mock.domain,Tag,hashCode,3,1,0,76,0,,
S3Mock,com.adobe.testing.s3mock.domain,FileStoreTest,prepare,4,1,0,84,0,,
S3Mock,com.adobe.testing.s3mock.domain,FileStoreTest,shouldCreateBucket,4,1,0,93,1,,
S3Mock,com.adobe.testing.s3mock.domain,FileStoreTest,bucketShouldExist,5,1,0,104,1,,
S3Mock,com.adobe.testing.s3mock.domain,FileStoreTest,bucketShouldNotExist,4,1,0,120,1,,
S3Mock,com.adobe.testing.s3mock.domain,FileStoreTest,shouldHoldAllBuckets,10,1,0,131,1,,
S3Mock,com.adobe.testing.s3mock.domain,FileStoreTest,shouldGetBucketByName,6,1,0,151,1,,
S3Mock,com.adobe.testing.s3mock.domain,FileStoreTest,shouldStoreFileInBucket,14,1,0,166,1,,
S3Mock,com.adobe.testing.s3mock.domain,FileStoreTest,shouldStoreObjectEncrypted,12,1,0,195,1,,
S3Mock,com.adobe.testing.s3mock.domain,FileStoreTest,shouldGetEncryptedObject,13,1,0,228,1,,
S3Mock,com.adobe.testing.s3mock.domain,FileStoreTest,shouldGetFile,15,1,0,261,1,,
S3Mock,com.adobe.testing.s3mock.domain,FileStoreTest,shouldGetFileWithSlashAtStart,15,1,0,293,1,,
S3Mock,com.adobe.testing.s3mock.domain,FileStoreTest,shouldSetAndGetTags,11,1,0,325,1,,
S3Mock,com.adobe.testing.s3mock.domain,FileStoreTest,shouldCopyObject,12,1,0,351,1,,
S3Mock,com.adobe.testing.s3mock.domain,FileStoreTest,shouldCopyObjectEncrypted,14,1,0,379,1,,
S3Mock,com.adobe.testing.s3mock.domain,FileStoreTest,shouldDeleteObject,9,1,0,414,1,,
S3Mock,com.adobe.testing.s3mock.domain,FileStoreTest,shouldDeleteBucket,10,1,0,435,1,,
S3Mock,com.adobe.testing.s3mock.domain,FileStoreTest,shouldCreateMultipartUploadFolder,6,1,0,458,1,,
S3Mock,com.adobe.testing.s3mock.domain,FileStoreTest,shouldCreateMultipartUploadFolderIfBucketExists,7,1,0,471,1,,
S3Mock,com.adobe.testing.s3mock.domain,FileStoreTest,shouldStorePart,8,1,0,485,1,,
S3Mock,com.adobe.testing.s3mock.domain,FileStoreTest,shouldFinishUpload,12,1,0,504,1,,
S3Mock,com.adobe.testing.s3mock.domain,FileStoreTest,hasValidMetadata,11,1,0,534,1,,
S3Mock,com.adobe.testing.s3mock.domain,FileStoreTest,getParts,9,2,1,554,0,,
S3Mock,com.adobe.testing.s3mock.domain,FileStoreTest,returnsValidPartsFromMultipart,19,1,0,564,1,,
S3Mock,com.adobe.testing.s3mock.domain,FileStoreTest,prepareExpectedPart,7,1,2,593,0,,
S3Mock,com.adobe.testing.s3mock.domain,FileStoreTest,deletesTemporaryMultipartUploadFolder,8,1,0,601,1,,
S3Mock,com.adobe.testing.s3mock.domain,FileStoreTest,listsMultipartUploads,14,1,0,618,1,,
S3Mock,com.adobe.testing.s3mock.domain,FileStoreTest,abortMultipartUpload,13,1,0,641,1,,
S3Mock,com.adobe.testing.s3mock.domain,FileStoreTest,copyPart,11,1,0,667,1,,
S3Mock,com.adobe.testing.s3mock.domain,FileStoreTest,missingUploadPreparation,4,1,0,694,1,,
S3Mock,com.adobe.testing.s3mock.domain,FileStoreTest,getObject,7,1,0,705,1,,
S3Mock,com.adobe.testing.s3mock.domain,FileStoreTest,getObjectsForParentDirectory,7,1,0,717,1,,
S3Mock,com.adobe.testing.s3mock.domain,FileStoreTest,getObjectsForPartialPrefix,7,1,0,729,1,,
S3Mock,com.adobe.testing.s3mock.domain,FileStoreTest,getObjectsForEmptyPrefix,7,1,0,741,1,,
S3Mock,com.adobe.testing.s3mock.domain,FileStoreTest,getObjectsForNullPrefix,7,1,0,753,1,,
S3Mock,com.adobe.testing.s3mock.domain,FileStoreTest,getObjectsForPartialParentDirectory,6,1,0,765,1,,
S3Mock,com.adobe.testing.s3mock.domain,FileStoreTest,multipartUploadPartsAreSortedNumerically,13,2,0,776,1,,
S3Mock,com.adobe.testing.s3mock.domain,FileStoreTest,cleanupFilestore,5,2,0,800,0,,
S3Mock,com.adobe.testing.s3mock.domain,ObjectRefTest,fromPrefixedCopySourceString,5,1,0,36,1,,
S3Mock,com.adobe.testing.s3mock.domain,ObjectRefTest,fromCopySourceString,5,1,0,44,1,,
S3Mock,com.adobe.testing.s3mock.domain,ObjectRefTest,invalidCopySource,4,1,0,52,1,,
S3Mock,com.adobe.testing.s3mock.domain,ObjectRefTest,nullCopySource,4,1,0,58,1,,
S3Mock,com.adobe.testing.s3mock.dto,BatchDeleteRequest,getObjectsToDelete,3,1,0,37,0,,
S3Mock,com.adobe.testing.s3mock.dto,BatchDeleteRequest,setObjectsToDelete,3,1,1,41,0,,
S3Mock,com.adobe.testing.s3mock.dto,BatchDeleteRequest,isQuiet,3,1,0,45,0,,
S3Mock,com.adobe.testing.s3mock.dto,BatchDeleteRequest,setQuiet,3,1,1,49,0,,
S3Mock,com.adobe.testing.s3mock.dto,BatchDeleteResponse,getDeletedObjects,3,1,0,35,0,,
S3Mock,com.adobe.testing.s3mock.dto,BatchDeleteResponse,addDeletedObject,3,1,1,39,0,,
S3Mock,com.adobe.testing.s3mock.dto,CompleteMultipartUploadRequest,setParts,3,1,1,34,0,,
S3Mock,com.adobe.testing.s3mock.dto,CompleteMultipartUploadRequest,getParts,3,1,0,38,0,,
S3Mock,com.adobe.testing.s3mock.dto,CompleteMultipartUploadResult,CompleteMultipartUploadResult,6,1,4,42,0,,
S3Mock,com.adobe.testing.s3mock.dto,CopyObjectResult,CopyObjectResult,4,1,2,36,0,,
S3Mock,com.adobe.testing.s3mock.dto,CopyObjectResult,getLastModified,3,1,0,47,0,,
S3Mock,com.adobe.testing.s3mock.dto,CopyObjectResult,setLastModified,3,1,1,51,0,,
S3Mock,com.adobe.testing.s3mock.dto,CopyObjectResult,getEtag,3,1,0,55,0,,
S3Mock,com.adobe.testing.s3mock.dto,CopyObjectResult,setEtag,3,1,1,59,0,,
S3Mock,com.adobe.testing.s3mock.dto,CopyPartResult,CopyPartResult,4,1,2,36,0,,
S3Mock,com.adobe.testing.s3mock.dto,CopyPartResult,from,3,1,2,41,0,,
S3Mock,com.adobe.testing.s3mock.dto,CopyPartResult,getLastModified,3,1,0,45,0,,
S3Mock,com.adobe.testing.s3mock.dto,CopyPartResult,getEtag,3,1,0,49,0,,
S3Mock,com.adobe.testing.s3mock.dto,ErrorResponse,setCode,3,1,1,43,0,,
S3Mock,com.adobe.testing.s3mock.dto,ErrorResponse,setMessage,3,1,1,47,0,,
S3Mock,com.adobe.testing.s3mock.dto,ErrorResponse,setResource,3,1,1,51,0,,
S3Mock,com.adobe.testing.s3mock.dto,ErrorResponse,setRequestId,3,1,1,55,0,,
S3Mock,com.adobe.testing.s3mock.dto,EtagSerializer,serialize,7,2,3,31,0,,
S3Mock,com.adobe.testing.s3mock.dto,InitiateMultipartUploadResult,InitiateMultipartUploadResult,5,1,3,37,0,,
S3Mock,com.adobe.testing.s3mock.dto,ListAllMyBucketsResult,ListAllMyBucketsResult,2,1,0,37,0,,
S3Mock,com.adobe.testing.s3mock.dto,ListAllMyBucketsResult,ListAllMyBucketsResult,5,1,2,43,0,,
S3Mock,com.adobe.testing.s3mock.dto,ListAllMyBucketsResult,getBuckets,3,1,0,55,0,,
S3Mock,com.adobe.testing.s3mock.dto,ListAllMyBucketsResult,getOwner,3,1,0,59,0,,
S3Mock,com.adobe.testing.s3mock.dto,ListAllMyBucketsResult,setBuckets,3,1,1,63,0,,
S3Mock,com.adobe.testing.s3mock.dto,ListAllMyBucketsResult,setOwner,3,1,1,67,0,,
S3Mock,com.adobe.testing.s3mock.dto,ListBucketResult,ListBucketResult,12,1,9,68,0,,
S3Mock,com.adobe.testing.s3mock.dto,ListBucketResultV2,ListBucketResultV2,14,1,11,74,0,,
S3Mock,com.adobe.testing.s3mock.dto,ListMultipartUploadsResult,ListMultipartUploadsResult,13,1,11,58,0,,
S3Mock,com.adobe.testing.s3mock.dto,ListMultipartUploadsResult,toString,3,1,0,97,0,,
S3Mock,com.adobe.testing.s3mock.dto,ListPartsResult,ListPartsResult,6,1,4,55,0,,
S3Mock,com.adobe.testing.s3mock.dto,MultipartUpload,MultipartUpload,7,1,5,45,0,,
S3Mock,com.adobe.testing.s3mock.dto,MultipartUpload,getKey,3,1,0,63,0,,
S3Mock,com.adobe.testing.s3mock.dto,MultipartUpload,getUploadId,3,1,0,67,0,,
S3Mock,com.adobe.testing.s3mock.dto,MultipartUpload,getOwner,3,1,0,71,0,,
S3Mock,com.adobe.testing.s3mock.dto,MultipartUpload,getInitiator,3,1,0,75,0,,
S3Mock,com.adobe.testing.s3mock.dto,MultipartUpload,getStorageClass,3,1,0,79,0,,
S3Mock,com.adobe.testing.s3mock.dto,MultipartUpload,getInitiated,3,1,0,83,0,,
S3Mock,com.adobe.testing.s3mock.dto,MultipartUpload,toString,3,1,0,87,0,,
S3Mock,com.adobe.testing.s3mock.dto,MultipartUpload,equals,10,3,1,99,0,,
S3Mock,com.adobe.testing.s3mock.dto,MultipartUpload,hashCode,3,1,0,116,0,,
S3Mock,com.adobe.testing.s3mock.dto,ObjectIdentifier,getKey,3,1,0,35,0,,
S3Mock,com.adobe.testing.s3mock.dto,ObjectIdentifier,setKey,3,1,1,39,0,,
S3Mock,com.adobe.testing.s3mock.dto,ObjectIdentifier,getVersionId,3,1,0,43,0,,
S3Mock,com.adobe.testing.s3mock.dto,ObjectIdentifier,setVersionId,3,1,1,47,0,,
S3Mock,com.adobe.testing.s3mock.dto,ObjectRef,ObjectRef,6,1,1,33,0,com.adobe.testing.s3mock.dto.ObjectRef,com.adobe.testing.s3mock.dto.ObjectRef
S3Mock,com.adobe.testing.s3mock.dto,ObjectRef,getBucket,3,1,0,51,0,,
S3Mock,com.adobe.testing.s3mock.dto,ObjectRef,getKey,3,1,0,55,0,,
S3Mock,com.adobe.testing.s3mock.dto,ObjectRef,toString,3,1,0,59,0,,
S3Mock,com.adobe.testing.s3mock.dto,ObjectRef,extractBucketAndKeyArray,8,2,1,66,0,com.adobe.testing.s3mock.dto.ObjectRef,com.adobe.testing.s3mock.dto.ObjectRef
S3Mock,com.adobe.testing.s3mock.dto,ObjectRef,normalizeCopySource,6,2,1,78,0,,
S3Mock,com.adobe.testing.s3mock.dto,Owner,Owner,2,1,0,35,0,,
S3Mock,com.adobe.testing.s3mock.dto,Owner,Owner,4,1,2,41,0,,
S3Mock,com.adobe.testing.s3mock.dto,Owner,getDisplayName,3,1,0,52,0,,
S3Mock,com.adobe.testing.s3mock.dto,Owner,getId,3,1,0,57,0,,
S3Mock,com.adobe.testing.s3mock.dto,Owner,setDisplayName,3,1,1,62,0,,
S3Mock,com.adobe.testing.s3mock.dto,Owner,setId,3,1,1,66,0,,
S3Mock,com.adobe.testing.s3mock.dto,Part,getPartNumber,3,1,0,43,0,,
S3Mock,com.adobe.testing.s3mock.dto,Part,setPartNumber,3,1,1,47,0,,
S3Mock,com.adobe.testing.s3mock.dto,Part,getLastModified,3,1,0,51,0,,
S3Mock,com.adobe.testing.s3mock.dto,Part,setLastModified,3,1,1,55,0,,
S3Mock,com.adobe.testing.s3mock.dto,Part,getETag,3,1,0,59,0,,
S3Mock,com.adobe.testing.s3mock.dto,Part,setETag,3,1,1,63,0,,
S3Mock,com.adobe.testing.s3mock.dto,Part,getSize,3,1,0,67,0,,
S3Mock,com.adobe.testing.s3mock.dto,Part,setSize,3,1,1,71,0,,
S3Mock,com.adobe.testing.s3mock.dto,Part,equals,10,3,1,75,0,,
S3Mock,com.adobe.testing.s3mock.dto,Part,hashCode,3,1,0,89,0,,
S3Mock,com.adobe.testing.s3mock.dto,Prefix,Prefix,3,1,1,25,0,,
S3Mock,com.adobe.testing.s3mock.dto,Range,Range,25,5,1,39,0,com.adobe.testing.s3mock.dto.Range,com.adobe.testing.s3mock.dto.Range
S3Mock,com.adobe.testing.s3mock.dto,Range,Range,4,1,2,78,0,,
S3Mock,com.adobe.testing.s3mock.dto,Range,getStart,3,1,0,89,0,,
S3Mock,com.adobe.testing.s3mock.dto,Range,getEnd,3,1,0,93,0,,
S3Mock,com.adobe.testing.s3mock.dto,Tagging,Tagging,2,1,0,40,0,,
S3Mock,com.adobe.testing.s3mock.dto,Tagging,Tagging,4,1,1,43,0,,
S3Mock,com.adobe.testing.s3mock.dto,Tagging,setTagSet,3,1,1,48,0,,
S3Mock,com.adobe.testing.s3mock.dto,Tagging,getTagSet,3,1,0,52,0,,
S3Mock,com.adobe.testing.s3mock.dto,Tagging,getVersionId,3,1,0,56,0,,
S3Mock,com.adobe.testing.s3mock.dto,Tagging,setVersionId,3,1,1,60,0,,
S3Mock,com.adobe.testing.s3mock.dto,BatchDeleteResponseTest,testSerialization,11,2,1,26,1,,
S3Mock,com.adobe.testing.s3mock.dto,CompleteMultipartUploadResultTest,testSerialization,4,1,1,26,1,,
S3Mock,com.adobe.testing.s3mock.dto,CopyObjectResultTest,testSerialization,4,1,1,26,1,,
S3Mock,com.adobe.testing.s3mock.dto,CopyPartResultTest,testSerialization,4,1,1,29,1,,
S3Mock,com.adobe.testing.s3mock.dto,DtoTestUtil,serializeAndAssert,6,1,2,35,0,com.adobe.testing.s3mock.dto.DtoTestUtil,com.adobe.testing.s3mock.dto.DtoTestUtil
S3Mock,com.adobe.testing.s3mock.dto,DtoTestUtil,getExpected,10,1,1,46,0,,
S3Mock,com.adobe.testing.s3mock.dto,ErrorResponseTest,testSerialization,8,1,1,26,1,,
S3Mock,com.adobe.testing.s3mock.dto,EtagSerializerTest,before,5,1,0,37,0,,
S3Mock,com.adobe.testing.s3mock.dto,EtagSerializerTest,testSerializeEtag,6,1,0,44,1,,
S3Mock,com.adobe.testing.s3mock.dto,EtagSerializerTest,testSerializeQuotedEtag,6,1,0,52,1,,
S3Mock,com.adobe.testing.s3mock.dto,InitiateMultipartUploadResultTest,testSerialization,4,1,1,26,1,,
S3Mock,com.adobe.testing.s3mock.dto,ListAllMyBucketsResultTest,testSerialization,4,1,1,31,1,,
S3Mock,com.adobe.testing.s3mock.dto,ListAllMyBucketsResultTest,createBuckets,8,2,1,39,0,,
S3Mock,com.adobe.testing.s3mock.dto,ListBucketResultTest,testSerialization,4,1,1,31,1,,
S3Mock,com.adobe.testing.s3mock.dto,ListBucketResultTest,createBucketContents,8,2,1,40,0,,
S3Mock,com.adobe.testing.s3mock.dto,ListBucketResultV2Test,testSerialization,4,1,1,31,1,,
S3Mock,com.adobe.testing.s3mock.dto,ListBucketResultV2Test,createBucketContents,8,2,1,41,0,,
S3Mock,com.adobe.testing.s3mock.dto,ListMultipartUploadsResultTest,testSerialization,4,1,1,30,1,,
S3Mock,com.adobe.testing.s3mock.dto,ListMultipartUploadsResultTest,createMultipartUploads,8,2,1,41,0,,
S3Mock,com.adobe.testing.s3mock.dto,ListPartsResultTest,testSerialization,4,1,1,30,1,,
S3Mock,com.adobe.testing.s3mock.dto,ListPartsResultTest,createParts,12,2,1,39,0,,
S3Mock,com.adobe.testing.s3mock,FaviconController,favicon,2,1,0,29,0,,
S3Mock,com.adobe.testing.s3mock,FileStoreController,listBuckets,3,1,0,156,0,,
S3Mock,com.adobe.testing.s3mock,FileStoreController,createBucket,10,1,1,173,0,,
S3Mock,com.adobe.testing.s3mock,FileStoreController,headBucket,8,2,1,192,0,,
S3Mock,com.adobe.testing.s3mock,FileStoreController,deleteBucket,20,3,1,209,0,com.adobe.testing.s3mock.FileStoreController,com.adobe.testing.s3mock.FileStoreController
S3Mock,com.adobe.testing.s3mock,FileStoreController,listObjectsInsideBucket,38,7,6,241,0,com.adobe.testing.s3mock.FileStoreController,com.adobe.testing.s3mock.FileStoreController
S3Mock,com.adobe.testing.s3mock,FileStoreController,listObjectsInsideBucketV2,45,6,7,314,0,com.adobe.testing.s3mock.FileStoreController,com.adobe.testing.s3mock.FileStoreController
S3Mock,com.adobe.testing.s3mock,FileStoreController,listMultipartUploads,13,1,3,402,0,com.adobe.testing.s3mock.FileStoreController,com.adobe.testing.s3mock.FileStoreController
S3Mock,com.adobe.testing.s3mock,FileStoreController,batchDeleteObjects,15,3,2,450,0,com.adobe.testing.s3mock.FileStoreController,com.adobe.testing.s3mock.FileStoreController
S3Mock,com.adobe.testing.s3mock,FileStoreController,headObject,16,3,2,487,0,com.adobe.testing.s3mock.FileStoreController,com.adobe.testing.s3mock.FileStoreController
S3Mock,com.adobe.testing.s3mock,FileStoreController,deleteObject,12,1,2,522,0,com.adobe.testing.s3mock.FileStoreController,com.adobe.testing.s3mock.FileStoreController
S3Mock,com.adobe.testing.s3mock,FileStoreController,abortMultipartUpload,6,1,3,547,0,com.adobe.testing.s3mock.FileStoreController,com.adobe.testing.s3mock.FileStoreController
S3Mock,com.adobe.testing.s3mock,FileStoreController,getObject,10,2,5,570,0,com.adobe.testing.s3mock.FileStoreController,com.adobe.testing.s3mock.FileStoreController
S3Mock,com.adobe.testing.s3mock,FileStoreController,getObjectTagging,8,1,2,615,0,com.adobe.testing.s3mock.FileStoreController,com.adobe.testing.s3mock.FileStoreController
S3Mock,com.adobe.testing.s3mock,FileStoreController,multipartListParts,6,1,3,644,0,com.adobe.testing.s3mock.FileStoreController,com.adobe.testing.s3mock.FileStoreController
S3Mock,com.adobe.testing.s3mock,FileStoreController,putObjectTagging,13,1,3,669,0,com.adobe.testing.s3mock.FileStoreController,com.adobe.testing.s3mock.FileStoreController
S3Mock,com.adobe.testing.s3mock,FileStoreController,putObjectPart,7,1,7,703,0,com.adobe.testing.s3mock.FileStoreController,com.adobe.testing.s3mock.FileStoreController
S3Mock,com.adobe.testing.s3mock,FileStoreController,copyObjectPart,6,1,8,750,0,com.adobe.testing.s3mock.FileStoreController,com.adobe.testing.s3mock.FileStoreController
S3Mock,com.adobe.testing.s3mock,FileStoreController,putObject,11,1,8,801,0,com.adobe.testing.s3mock.FileStoreController,com.adobe.testing.s3mock.FileStoreController
S3Mock,com.adobe.testing.s3mock,FileStoreController,copyObject,15,3,6,853,0,com.adobe.testing.s3mock.FileStoreController,com.adobe.testing.s3mock.FileStoreController
S3Mock,com.adobe.testing.s3mock,FileStoreController,initiateMultipartUpload,8,1,4,911,0,com.adobe.testing.s3mock.FileStoreController,com.adobe.testing.s3mock.FileStoreController
S3Mock,com.adobe.testing.s3mock,FileStoreController,completeMultipartUpload,7,1,6,946,0,com.adobe.testing.s3mock.FileStoreController,com.adobe.testing.s3mock.FileStoreController
S3Mock,com.adobe.testing.s3mock,FileStoreController,getObjectWithRange,14,2,2,985,0,com.adobe.testing.s3mock.FileStoreController,com.adobe.testing.s3mock.FileStoreController
S3Mock,com.adobe.testing.s3mock,FileStoreController,filenameFrom,4,1,2,1022,0,,
S3Mock,com.adobe.testing.s3mock,FileStoreController,collapseCommonPrefixes,14,4,4,1029,0,,
S3Mock,com.adobe.testing.s3mock,FileStoreController,applyUrlEncoding,3,1,1,1058,0,,
S3Mock,com.adobe.testing.s3mock,FileStoreController,applyUrlEncoding,3,1,1,1064,0,,
S3Mock,com.adobe.testing.s3mock,FileStoreController,getFilteredBucketContents,8,2,2,1068,0,,
S3Mock,com.adobe.testing.s3mock,FileStoreController,getBucketContents,6,1,2,1080,0,,
S3Mock,com.adobe.testing.s3mock,FileStoreController,isV4ChunkedWithSigningEnabled,3,1,1,1096,0,,
S3Mock,com.adobe.testing.s3mock,FileStoreController,addOverrideHeaders,6,2,1,1101,0,com.adobe.testing.s3mock.FileStoreController,com.adobe.testing.s3mock.FileStoreController
S3Mock,com.adobe.testing.s3mock,FileStoreController,mapHeaderName,11,7,1,1112,0,,
S3Mock,com.adobe.testing.s3mock,FileStoreController,verifyObjectMatching,8,3,3,1132,0,,
S3Mock,com.adobe.testing.s3mock,FileStoreController,verifyObjectExistence,7,2,2,1143,0,,
S3Mock,com.adobe.testing.s3mock,FileStoreController,verifyBucketExistence,6,2,1,1151,0,,
S3Mock,com.adobe.testing.s3mock,FileStoreController,verifyPartNumberLimits,12,2,1,1159,0,,
S3Mock,com.adobe.testing.s3mock,FileStoreController,parseMediaType,8,1,1,1173,0,,
S3Mock,com.adobe.testing.s3mock,FileStoreController,validateMultipartParts,14,4,4,1181,0,,
S3Mock,com.adobe.testing.s3mock,KmsValidationFilter,KmsValidationFilter,3,1,1,54,0,,
S3Mock,com.adobe.testing.s3mock,KmsValidationFilter,doFilterInternal,28,2,3,63,0,,
S3Mock,com.adobe.testing.s3mock,S3MockApplication,main,3,1,1,159,0,,
S3Mock,com.adobe.testing.s3mock,S3MockApplication,start,3,1,1,168,0,,
S3Mock,com.adobe.testing.s3mock,S3MockApplication,start,16,2,2,179,0,,
S3Mock,com.adobe.testing.s3mock,S3MockApplication,stop,3,1,0,217,0,,
S3Mock,com.adobe.testing.s3mock,S3MockApplication,getPort,3,1,0,224,0,,
S3Mock,com.adobe.testing.s3mock,S3MockApplication,getHttpPort,3,1,0,233,0,,
S3Mock,com.adobe.testing.s3mock,S3MockApplication,registerKMSKeyRef,3,1,1,242,0,,
S3Mock,com.adobe.testing.s3mock,S3MockApplication,initBuckets,8,2,0,251,0,,
S3Mock,com.adobe.testing.s3mock.util,AwsChunkDecodingInputStream,AwsChunkDecodingInputStream,3,1,1,62,0,,
S3Mock,com.adobe.testing.s3mock.util,AwsChunkDecodingInputStream,read,15,4,0,71,0,com.adobe.testing.s3mock.util.AwsChunkDecodingInputStream,com.adobe.testing.s3mock.util.AwsChunkDecodingInputStream
S3Mock,com.adobe.testing.s3mock.util,AwsChunkDecodingInputStream,close,3,1,0,94,0,,
S3Mock,com.adobe.testing.s3mock.util,AwsChunkDecodingInputStream,readUntil,15,3,1,99,0,com.adobe.testing.s3mock.util.AwsChunkDecodingInputStream,com.adobe.testing.s3mock.util.AwsChunkDecodingInputStream
S3Mock,com.adobe.testing.s3mock.util,AwsChunkDecodingInputStream,endsWith,12,4,2,125,0,,
S3Mock,com.adobe.testing.s3mock.util,AwsHttpHeaders,AwsHttpHeaders,2,1,0,42,0,,
S3Mock,com.adobe.testing.s3mock.util,HashUtil,getDigest,3,1,1,32,0,com.adobe.testing.s3mock.util.HashUtil,com.adobe.testing.s3mock.util.HashUtil
S3Mock,com.adobe.testing.s3mock.util,HashUtil,getDigest,14,3,2,51,0,,
S3Mock,com.adobe.testing.s3mock.util,MetadataUtil,createUserMetadataHeaders,7,2,1,30,0,,
S3Mock,com.adobe.testing.s3mock.util,MetadataUtil,getUserMetadata,3,1,1,44,0,,
S3Mock,com.adobe.testing.s3mock.util,S3MockExceptionHandler,handleS3Exception,9,1,1,40,0,,
S3Mock,com.adobe.testing.s3mock.util,StringEncoding,encode,9,1,1,35,0,,
S3Mock,com.adobe.testing.s3mock.util,StringEncoding,decode,9,1,1,44,0,,
S3Mock,com.adobe.testing.s3mock.util,RangeTest,convertsValidRange,6,1,0,27,1,,
S3Mock,com.adobe.testing.s3mock.util,RangeTest,convertRangeWithRangeEndUndefined,6,1,0,36,1,,
S3Mock,com.adobe.testing.s3mock.util,RangeTest,throwsExceptionOnNegative,7,1,0,45,1,,
S3Mock,com.adobe.testing.s3mock.util,RangeTest,invalidRangeString,7,1,0,54,1,,
S3Mock,com.adobe.testing.s3mock.util,StringEncodingTest,testKeyEncoding,7,1,0,27,1,,
S3Mock,com.adobe.testing.s3mock.util,StringEncodingTest,testKeyDecoding,7,1,0,46,1,,
S3Mock,com.adobe.testing.s3mock.testsupport.common,S3MockStarter,S3MockStarter,6,2,1,57,0,com.adobe.testing.s3mock.testsupport.common.S3MockStarter,com.adobe.testing.s3mock.testsupport.common.S3MockStarter
S3Mock,com.adobe.testing.s3mock.testsupport.common,S3MockStarter,defaultProps,6,1,0,64,0,,
S3Mock,com.adobe.testing.s3mock.testsupport.common,S3MockStarter,createS3ClientV2,3,1,0,71,0,com.adobe.testing.s3mock.testsupport.common.S3MockStarter,com.adobe.testing.s3mock.testsupport.common.S3MockStarter
S3Mock,com.adobe.testing.s3mock.testsupport.common,S3MockStarter,createS3Client,3,1,0,89,0,com.adobe.testing.s3mock.testsupport.common.S3MockStarter,com.adobe.testing.s3mock.testsupport.common.S3MockStarter
S3Mock,com.adobe.testing.s3mock.testsupport.common,S3MockStarter,createS3Client,4,1,1,99,0,com.adobe.testing.s3mock.testsupport.common.S3MockStarter,com.adobe.testing.s3mock.testsupport.common.S3MockStarter
S3Mock,com.adobe.testing.s3mock.testsupport.common,S3MockStarter,getPort,3,1,0,119,0,,
S3Mock,com.adobe.testing.s3mock.testsupport.common,S3MockStarter,getHttpPort,3,1,0,123,0,,
S3Mock,com.adobe.testing.s3mock.testsupport.common,S3MockStarter,registerKMSKeyRef,3,1,1,127,0,,
S3Mock,com.adobe.testing.s3mock.testsupport.common,S3MockStarter,configureClientToIgnoreInvalidSslCertificates,4,1,1,136,0,com.adobe.testing.s3mock.testsupport.common.S3MockStarter,com.adobe.testing.s3mock.testsupport.common.S3MockStarter
S3Mock,com.adobe.testing.s3mock.testsupport.common,S3MockStarter,getEndpointConfiguration,3,1,1,155,0,com.adobe.testing.s3mock.testsupport.common.S3MockStarter,com.adobe.testing.s3mock.testsupport.common.S3MockStarter
S3Mock,com.adobe.testing.s3mock.testsupport.common,S3MockStarter,getServiceEndpoint,4,1,0,159,0,com.adobe.testing.s3mock.testsupport.common.S3MockStarter,com.adobe.testing.s3mock.testsupport.common.S3MockStarter
S3Mock,com.adobe.testing.s3mock.testsupport.common,S3MockStarter,start,3,1,0,170,0,,
S3Mock,com.adobe.testing.s3mock.testsupport.common,S3MockStarter,stop,3,1,0,174,0,,
S3Mock,com.adobe.testing.s3mock.testsupport.common,S3MockStarter,createBlindlyTrustingSslContext,27,1,0,178,0,,
S3Mock,com.adobe.testing.s3mock.testsupport.common,S3MockStarter,getAcceptedIssuers,3,1,0,183,0,,
S3Mock,com.adobe.testing.s3mock.testsupport.common,S3MockStarter,checkClientTrusted,2,1,3,188,0,,
S3Mock,com.adobe.testing.s3mock.testsupport.common,S3MockStarter,checkClientTrusted,2,1,3,194,0,,
S3Mock,com.adobe.testing.s3mock.testsupport.common,S3MockStarter,checkClientTrusted,2,1,2,200,0,,
S3Mock,com.adobe.testing.s3mock.testsupport.common,S3MockStarter,checkServerTrusted,2,1,2,205,0,,
S3Mock,com.adobe.testing.s3mock.testsupport.common,S3MockStarter,checkServerTrusted,2,1,3,210,0,,
S3Mock,com.adobe.testing.s3mock.testsupport.common,S3MockStarter,checkServerTrusted,2,1,3,216,0,,
S3Mock,com.adobe.testing.s3mock.testsupport.common,S3MockStarterTest,toBeDone,2,1,0,22,1,,
S3Mock,com.adobe.testing.s3mock.junit4,S3MockRule,S3MockRule,3,1,0,44,0,,
S3Mock,com.adobe.testing.s3mock.junit4,S3MockRule,builder,3,1,0,51,0,,
S3Mock,com.adobe.testing.s3mock.junit4,S3MockRule,S3MockRule,3,1,1,55,0,,
S3Mock,com.adobe.testing.s3mock.junit4,S3MockRule,apply,14,1,2,59,0,,
S3Mock,com.adobe.testing.s3mock.junit4,S3MockRule,evaluate,9,1,0,62,0,,
S3Mock,com.adobe.testing.s3mock.junit4,S3MockRuleTest,shouldUploadAndDownloadObject,12,1,0,44,1,,
S3Mock,com.adobe.testing.s3mock.junit5,S3MockExtension,builder,3,1,0,68,0,,
S3Mock,com.adobe.testing.s3mock.junit5,S3MockExtension,S3MockExtension,3,1,0,72,0,,
S3Mock,com.adobe.testing.s3mock.junit5,S3MockExtension,S3MockExtension,3,1,1,79,0,,
S3Mock,com.adobe.testing.s3mock.junit5,S3MockExtension,beforeAll,3,1,1,83,0,com.adobe.testing.s3mock.junit5.S3MockExtension,com.adobe.testing.s3mock.junit5.S3MockExtension
S3Mock,com.adobe.testing.s3mock.junit5,S3MockExtension,afterAll,3,1,1,88,0,com.adobe.testing.s3mock.junit5.S3MockExtension,com.adobe.testing.s3mock.junit5.S3MockExtension
S3Mock,com.adobe.testing.s3mock.junit5,S3MockExtension,supportsParameter,3,1,2,93,0,com.adobe.testing.s3mock.junit5.S3MockExtension,com.adobe.testing.s3mock.junit5.S3MockExtension
S3Mock,com.adobe.testing.s3mock.junit5,S3MockExtension,resolveParameter,12,4,2,101,0,com.adobe.testing.s3mock.junit5.S3MockExtension,com.adobe.testing.s3mock.junit5.S3MockExtension
S3Mock,com.adobe.testing.s3mock.junit5,S3MockExtension,paramHasType,4,1,2,120,0,,
S3Mock,com.adobe.testing.s3mock.junit5,S3MockExtension,stopWhenLastConsumerFinished,5,2,0,125,0,,
S3Mock,com.adobe.testing.s3mock.junit5,S3MockExtension,startOnlySingleInstance,5,2,0,131,0,,
S3Mock,com.adobe.testing.s3mock.junit5.sdk1,CustomCertificateTest,connectWithCustomSSLContext,6,1,0,56,1,,
S3Mock,com.adobe.testing.s3mock.junit5.sdk1,CustomCertificateTest,createClientConfiguration,5,1,1,85,0,,
S3Mock,com.adobe.testing.s3mock.junit5.sdk1,CustomCertificateTest,createSslContext,11,1,1,94,0,,
S3Mock,com.adobe.testing.s3mock.junit5.sdk1,S3MockExtensionDeclarativeTest,shouldUploadAndDownloadObject,12,1,1,43,1,,
S3Mock,com.adobe.testing.s3mock.junit5.sdk1,S3MockExtensionProgrammaticTest,shouldUploadAndDownloadObject,12,1,0,46,1,,
S3Mock,com.adobe.testing.s3mock.junit5.sdk2,S3MockExtensionDeclarativeTest,shouldUploadAndDownloadObject,12,1,1,48,1,,
S3Mock,com.adobe.testing.s3mock.junit5.sdk2,S3MockExtensionProgrammaticTest,shouldUploadAndDownloadObject,12,1,0,51,1,,
S3Mock,com.adobe.testing.s3mock.testcontainers,S3MockContainer,S3MockContainer,3,1,1,32,0,,
S3Mock,com.adobe.testing.s3mock.testcontainers,S3MockContainer,S3MockContainer,7,1,1,41,0,,
S3Mock,com.adobe.testing.s3mock.testcontainers,S3MockContainer,withValidKmsKeys,4,1,1,59,0,,
S3Mock,com.adobe.testing.s3mock.testcontainers,S3MockContainer,withInitialBuckets,4,1,1,64,0,,
S3Mock,com.adobe.testing.s3mock.testcontainers,S3MockContainer,withVolumeAsRoot,5,1,1,69,0,,
S3Mock,com.adobe.testing.s3mock.testcontainers,S3MockContainer,withVolumeAsRoot,3,1,1,81,0,com.adobe.testing.s3mock.testcontainers.S3MockContainer,com.adobe.testing.s3mock.testcontainers.S3MockContainer
S3Mock,com.adobe.testing.s3mock.testcontainers,S3MockContainer,getHttpEndpoint,3,1,0,91,0,com.adobe.testing.s3mock.testcontainers.S3MockContainer,com.adobe.testing.s3mock.testcontainers.S3MockContainer
S3Mock,com.adobe.testing.s3mock.testcontainers,S3MockContainer,getHttpsEndpoint,3,1,0,95,0,com.adobe.testing.s3mock.testcontainers.S3MockContainer,com.adobe.testing.s3mock.testcontainers.S3MockContainer
S3Mock,com.adobe.testing.s3mock.testcontainers,S3MockContainer,getHttpServerPort,3,1,0,99,0,,
S3Mock,com.adobe.testing.s3mock.testcontainers,S3MockContainer,getHttpsServerPort,3,1,0,103,0,,
S3Mock,com.adobe.testing.s3mock.testcontainers,S3MockContainerJupiterTest,setUp,4,1,0,37,0,,
S3Mock,com.adobe.testing.s3mock.testcontainers,S3MockContainerManualTest,setUp,6,1,0,29,0,,
S3Mock,com.adobe.testing.s3mock.testcontainers,S3MockContainerManualTest,tearDown,3,1,0,41,0,,
S3Mock,com.adobe.testing.s3mock.testcontainers,S3MockContainerTestBase,shouldUploadAndDownloadObject,12,1,0,62,1,,
S3Mock,com.adobe.testing.s3mock.testcontainers,S3MockContainerTestBase,defaultBucketsGotCreated,5,1,0,90,1,,
S3Mock,com.adobe.testing.s3mock.testcontainers,S3MockContainerTestBase,createS3ClientV2,3,1,1,103,0,,
S3Mock,com.adobe.testing.s3mock.testng,S3Mock,S3Mock,3,1,0,31,0,,
S3Mock,com.adobe.testing.s3mock.testng,S3Mock,getInstance,3,1,0,35,0,,
S3Mock,com.adobe.testing.s3mock.testng,S3Mock,bootstrap,3,1,0,39,0,,
S3Mock,com.adobe.testing.s3mock.testng,S3Mock,terminate,3,1,0,43,0,,
S3Mock,com.adobe.testing.s3mock.testng,S3MockListener,onExecutionStart,3,1,0,49,0,,
S3Mock,com.adobe.testing.s3mock.testng,S3MockListener,onExecutionFinish,3,1,0,54,0,,
S3Mock,com.adobe.testing.s3mock.testng,S3MockListenerXmlConfigurationTest,shouldUploadAndDownloadObject,12,1,0,37,1,,
